timestamp,temperature,humidity,soil_moisture,battery_voltage,mode,mist_status,pump_status
2026-05-10 10:00:00,29.6,56.6,1801,7.4,0,1,0
2026-05-10 10:00:05,29.4,57.5,1802,7.5,0,1,0
2026-05-10 10:00:10,29.8,57.8,1803,7.3,0,1,0
2026-05-10 10:00:15,29.5,58.4,1804,7.5,0,1,0
2026-05-10 10:00:20,29.1,55.3,1806,7.4,0,1,0
2026-05-10 10:00:25,29.6,54.5,1807,7.6,0,1,0
2026-05-10 10:00:30,29.4,59.6,1808,7.3,0,1,0
2026-05-10 10:00:35,29.6,58.6,1810,7.6,0,1,0
2026-05-10 10:00:40,29.7,57.4,1811,7.3,0,1,0
2026-05-10 10:00:45,29.4,55.9,1813,7.6,0,1,0
2026-05-10 10:00:50,29.4,54.5,1815,7.5,0,1,0
2026-05-10 10:00:55,29.8,52.5,1816,7.5,0,1,0
2026-05-10 10:01:00,29.7,57.7,1816,7.5,0,1,0
2026-05-10 10:01:05,29.5,54.0,1818,7.5,0,1,0
2026-05-10 10:01:10,30.2,54.4,1819,7.3,0,1,0
2026-05-10 10:01:15,29.9,54.2,1820,7.3,0,1,0
2026-05-10 10:01:20,29.9,55.8,1821,7.5,0,1,0
2026-05-10 10:01:25,30.1,56.2,1822,7.5,0,1,0
2026-05-10 10:01:30,29.5,56.2,1822,7.6,0,1,0
2026-05-10 10:01:35,29.4,59.1,1822,7.2,0,1,0
2026-05-10 10:01:40,29.8,56.8,1823,7.3,0,1,0
2026-05-10 10:01:45,30.2,57.6,1825,7.4,0,1,0
2026-05-10 10:01:50,30.0,52.8,1826,7.3,0,1,0
2026-05-10 10:01:55,29.7,57.0,1828,7.4,0,1,0
2026-05-10 10:02:00,29.5,58.2,1829,7.4,0,1,0
2026-05-10 10:02:05,29.6,56.5,1829,7.5,0,1,0
2026-05-10 10:02:10,30.4,57.7,1831,7.4,0,1,0
2026-05-10 10:02:15,29.4,56.8,1832,7.3,0,1,0
2026-05-10 10:02:20,30.2,56.5,1833,7.3,0,1,0
2026-05-10 10:02:25,30.1,61.0,1834,7.3,0,1,0
2026-05-10 10:02:30,29.8,55.2,1835,7.5,0,1,0
2026-05-10 10:02:35,29.8,56.3,1836,7.3,0,1,0
2026-05-10 10:02:40,29.8,58.2,1837,7.4,0,1,0
2026-05-10 10:02:45,29.4,60.8,1839,7.2,0,1,0
2026-05-10 10:02:50,29.7,57.2,1840,7.2,0,1,0
2026-05-10 10:02:55,29.2,55.9,1841,7.4,0,1,0
2026-05-10 10:03:00,29.4,57.5,1842,7.4,0,1,0
2026-05-10 10:03:05,29.6,55.4,1843,7.3,0,1,0
2026-05-10 10:03:10,30.0,57.9,1845,7.3,0,1,0
2026-05-10 10:03:15,29.6,58.4,1846,7.4,0,1,0
2026-05-10 10:03:20,29.6,55.7,1847,7.2,0,1,0
2026-05-10 10:03:25,30.0,58.3,1849,7.2,0,1,0
2026-05-10 10:03:30,30.0,55.8,1850,7.4,0,1,0
2026-05-10 10:03:35,30.1,55.6,1852,7.3,0,1,0
2026-05-10 10:03:40,29.8,58.4,1853,7.4,0,1,0
2026-05-10 10:03:45,29.7,56.4,1855,7.5,0,1,0
2026-05-10 10:03:50,29.8,56.7,1856,7.3,0,1,0
2026-05-10 10:03:55,29.7,55.7,1857,7.4,0,1,0
2026-05-10 10:04:00,30.1,54.9,1858,7.3,0,1,0
2026-05-10 10:04:05,29.3,57.5,1859,7.2,0,1,0
2026-05-10 10:04:10,30.1,55.0,1861,7.4,0,1,0
2026-05-10 10:04:15,30.2,56.5,1864,7.4,0,1,0
2026-05-10 10:04:20,29.3,55.6,1865,7.2,0,1,0
2026-05-10 10:04:25,30.1,56.0,1867,7.5,0,1,0
2026-05-10 10:04:30,29.4,56.3,1868,7.4,0,1,0
2026-05-10 10:04:35,29.1,58.2,1869,7.3,0,1,0
2026-05-10 10:04:40,29.7,54.9,1870,7.4,0,1,0
2026-05-10 10:04:45,30.0,55.0,1872,7.4,0,1,0
2026-05-10 10:04:50,29.3,53.1,1874,7.3,0,1,0
2026-05-10 10:04:55,29.7,58.8,1874,7.3,0,1,0
2026-05-10 10:05:00,29.9,59.1,1875,7.3,0,1,0
2026-05-10 10:05:05,29.7,54.5,1877,7.2,0,1,0
2026-05-10 10:05:10,29.5,59.8,1879,7.3,0,1,0
2026-05-10 10:05:15,29.8,56.5,1880,7.3,0,1,0
2026-05-10 10:05:20,30.0,58.1,1880,7.5,0,1,0
2026-05-10 10:05:25,29.2,58.1,1882,7.3,0,1,0
2026-05-10 10:05:30,29.5,57.2,1882,7.3,0,1,0
2026-05-10 10:05:35,29.2,56.5,1884,7.4,0,1,0
2026-05-10 10:05:40,30.2,55.6,1886,7.3,0,1,0
2026-05-10 10:05:45,29.7,58.8,1888,7.1,0,1,0
2026-05-10 10:05:50,30.0,53.2,1889,7.3,0,1,0
2026-05-10 10:05:55,30.1,57.3,1890,7.2,0,1,0
2026-05-10 10:06:00,29.9,56.3,1891,7.3,0,1,0
2026-05-10 10:06:05,29.9,55.4,1893,7.2,0,1,0
2026-05-10 10:06:10,29.8,55.3,1893,7.3,0,1,0
2026-05-10 10:06:15,29.4,55.9,1894,7.4,0,1,0
2026-05-10 10:06:20,29.5,60.7,1894,7.3,0,1,0
2026-05-10 10:06:25,29.6,56.0,1896,7.4,0,1,0
2026-05-10 10:06:30,30.0,57.9,1897,7.2,0,1,0
2026-05-10 10:06:35,29.9,54.7,1899,7.3,0,1,0
2026-05-10 10:06:40,29.9,56.9,1900,7.3,0,1,0
2026-05-10 10:06:45,29.2,57.6,1901,7.3,0,1,0
2026-05-10 10:06:50,29.8,56.3,1902,7.4,0,1,0
2026-05-10 10:06:55,30.4,56.6,1905,7.4,0,1,0
2026-05-10 10:07:00,29.6,57.9,1907,7.4,0,1,0
2026-05-10 10:07:05,29.7,52.8,1907,7.4,0,1,0
2026-05-10 10:07:10,29.9,58.9,1908,7.3,0,1,0
2026-05-10 10:07:15,30.0,59.5,1909,7.4,0,1,0
2026-05-10 10:07:20,29.7,56.0,1910,7.1,0,1,0
2026-05-10 10:07:25,29.6,59.8,1912,7.2,0,1,0
2026-05-10 10:07:30,29.5,56.6,1913,7.2,0,1,0
2026-05-10 10:07:35,29.9,55.6,1915,7.3,0,1,0
2026-05-10 10:07:40,30.3,55.3,1917,7.4,0,1,0
2026-05-10 10:07:45,29.3,52.3,1917,7.1,0,1,0
2026-05-10 10:07:50,29.9,59.9,1918,7.4,0,1,0
2026-05-10 10:07:55,29.8,58.4,1919,7.3,0,1,0
2026-05-10 10:08:00,29.7,54.4,1920,7.4,0,1,0
2026-05-10 10:08:05,29.4,58.1,1921,7.4,0,1,0
2026-05-10 10:08:10,29.5,57.9,1923,7.3,0,1,0
2026-05-10 10:08:15,29.7,57.5,1923,7.3,0,1,0
2026-05-10 10:08:20,30.1,52.9,1924,7.2,0,1,0
2026-05-10 10:08:25,30.4,53.5,1927,7.5,0,1,0
2026-05-10 10:08:30,29.8,56.0,1928,7.4,0,1,0
2026-05-10 10:08:35,29.9,57.1,1929,7.4,0,1,0
2026-05-10 10:08:40,29.1,54.2,1931,7.0,0,1,0
2026-05-10 10:08:45,29.4,56.7,1932,7.5,0,1,0
2026-05-10 10:08:50,30.0,55.7,1934,7.3,0,1,0
2026-05-10 10:08:55,29.8,56.4,1934,7.3,0,1,0
2026-05-10 10:09:00,29.5,55.8,1936,7.4,0,1,0
2026-05-10 10:09:05,30.0,57.0,1937,7.3,0,1,0
2026-05-10 10:09:10,29.7,57.4,1938,7.2,0,1,0
2026-05-10 10:09:15,29.9,54.1,1940,7.3,0,1,0
2026-05-10 10:09:20,29.8,55.3,1941,7.3,0,1,0
2026-05-10 10:09:25,30.1,55.6,1942,7.2,0,1,0
2026-05-10 10:09:30,29.8,54.5,1942,7.2,0,1,0
2026-05-10 10:09:35,30.4,53.8,1943,7.2,0,1,0
2026-05-10 10:09:40,29.9,58.6,1945,7.1,0,1,0
2026-05-10 10:09:45,29.4,59.1,1946,7.4,0,1,0
2026-05-10 10:09:50,30.1,56.6,1947,7.4,0,1,0
2026-05-10 10:09:55,29.5,53.6,1949,7.3,0,1,0
2026-05-10 10:10:00,29.6,57.2,1949,7.3,0,1,0
2026-05-10 10:10:05,30.1,55.7,1949,7.3,0,1,0
2026-05-10 10:10:10,29.8,54.8,1950,7.3,0,1,0
2026-05-10 10:10:15,29.8,57.3,1951,7.2,0,1,0
2026-05-10 10:10:20,29.8,57.9,1952,7.2,0,1,0
2026-05-10 10:10:25,29.8,54.1,1954,7.1,0,1,0
2026-05-10 10:10:30,29.7,56.0,1955,7.3,0,1,0
2026-05-10 10:10:35,29.5,54.5,1956,7.3,0,1,0
2026-05-10 10:10:40,30.0,56.0,1957,7.2,0,1,0
2026-05-10 10:10:45,29.5,56.6,1959,7.2,0,1,0
2026-05-10 10:10:50,29.6,56.3,1959,7.3,0,1,0
2026-05-10 10:10:55,29.7,55.1,1961,7.2,0,1,0
2026-05-10 10:11:00,29.4,58.1,1962,7.1,0,1,0
2026-05-10 10:11:05,29.9,59.7,1963,7.1,0,1,0
2026-05-10 10:11:10,29.7,56.9,1964,7.4,0,1,0
2026-05-10 10:11:15,29.3,52.9,1965,7.3,0,1,0
2026-05-10 10:11:20,29.8,54.7,1966,7.2,0,1,0
2026-05-10 10:11:25,29.8,54.4,1966,7.1,0,1,0
2026-05-10 10:11:30,30.0,55.3,1968,7.2,0,1,0
2026-05-10 10:11:35,29.6,52.5,1969,7.2,0,1,0
2026-05-10 10:11:40,30.2,55.2,1970,7.3,0,1,0
2026-05-10 10:11:45,29.9,55.7,1972,7.3,0,1,0
2026-05-10 10:11:50,30.7,57.8,1974,7.3,0,1,0
2026-05-10 10:11:55,28.9,56.4,1975,7.4,0,1,0
2026-05-10 10:12:00,29.7,58.2,1976,7.4,0,1,0
2026-05-10 10:12:05,29.3,56.4,1979,7.3,0,1,0
2026-05-10 10:12:10,29.3,55.3,1979,7.0,0,1,0
2026-05-10 10:12:15,30.2,53.8,1980,7.3,0,1,0
2026-05-10 10:12:20,29.4,58.5,1981,7.3,0,1,0
2026-05-10 10:12:25,30.1,54.3,1982,7.3,0,1,0
2026-05-10 10:12:30,29.2,55.7,1983,7.4,0,1,0
2026-05-10 10:12:35,29.6,57.9,1985,7.1,0,1,0
2026-05-10 10:12:40,29.8,57.4,1987,7.1,0,1,0
2026-05-10 10:12:45,29.4,57.2,1989,7.4,0,1,0
2026-05-10 10:12:50,29.8,56.5,1991,7.1,0,1,0
2026-05-10 10:12:55,29.6,54.5,1992,7.2,0,1,0
2026-05-10 10:13:00,29.6,55.9,1994,7.2,0,1,0
2026-05-10 10:13:05,29.8,55.8,1995,7.1,0,1,0
2026-05-10 10:13:10,30.0,56.1,1997,7.2,0,1,0
2026-05-10 10:13:15,30.3,53.7,1998,7.2,0,1,0
2026-05-10 10:13:20,30.2,55.8,1999,7.3,0,1,0
2026-05-10 10:13:25,29.7,55.4,2000,7.2,0,1,0
2026-05-10 10:13:30,29.8,56.9,2001,7.3,0,1,0
2026-05-10 10:13:35,29.0,59.3,2003,7.2,0,1,0
2026-05-10 10:13:40,29.6,60.3,2004,7.1,0,1,0
2026-05-10 10:13:45,29.9,54.4,2004,7.2,0,1,0
2026-05-10 10:13:50,29.9,56.5,2005,7.3,0,1,0
2026-05-10 10:13:55,30.1,57.2,2007,7.4,0,1,0
2026-05-10 10:14:00,30.1,58.3,2007,7.4,0,1,0
2026-05-10 10:14:05,29.4,57.3,2009,7.3,0,1,0
2026-05-10 10:14:10,29.5,56.4,2012,7.4,0,1,0
2026-05-10 10:14:15,29.6,55.4,2012,7.3,0,1,0
2026-05-10 10:14:20,29.4,57.2,2013,7.5,0,1,0
2026-05-10 10:14:25,29.3,58.0,2014,7.1,0,1,0
2026-05-10 10:14:30,30.0,57.9,2015,6.9,0,1,0
2026-05-10 10:14:35,30.1,56.0,2016,7.2,0,1,0
2026-05-10 10:14:40,30.0,57.3,2018,7.2,0,1,0
2026-05-10 10:14:45,29.8,57.0,2018,7.2,0,1,0
2026-05-10 10:14:50,30.0,57.4,2020,7.3,0,1,0
2026-05-10 10:14:55,29.8,58.5,2021,7.1,0,1,0
2026-05-10 10:15:00,30.1,54.5,2022,7.1,0,1,0
2026-05-10 10:15:05,29.8,54.9,2024,7.0,0,1,0
2026-05-10 10:15:10,29.9,56.5,2026,7.3,0,1,0
2026-05-10 10:15:15,29.5,57.3,2027,7.1,0,1,0
2026-05-10 10:15:20,30.6,53.9,2029,7.4,0,1,0
2026-05-10 10:15:25,29.9,56.7,2031,7.1,0,1,0
2026-05-10 10:15:30,29.8,53.0,2031,7.2,0,1,0
2026-05-10 10:15:35,29.3,53.1,2032,7.1,0,1,0
2026-05-10 10:15:40,29.8,56.9,2033,7.1,0,1,0
2026-05-10 10:15:45,30.3,54.4,2034,7.2,0,1,0
2026-05-10 10:15:50,29.7,57.7,2036,7.1,0,1,0
2026-05-10 10:15:55,29.7,54.7,2037,7.3,0,1,0
2026-05-10 10:16:00,30.1,55.9,2038,7.1,0,1,0
2026-05-10 10:16:05,29.7,55.9,2040,7.3,0,1,0
2026-05-10 10:16:10,29.5,55.4,2041,7.2,0,1,0
2026-05-10 10:16:15,30.0,53.8,2042,7.1,0,1,0
2026-05-10 10:16:20,29.8,57.0,2043,7.2,0,1,0
2026-05-10 10:16:25,29.7,59.0,2043,7.2,0,1,0
2026-05-10 10:16:30,29.3,59.8,2044,7.3,0,1,0
2026-05-10 10:16:35,30.2,57.3,2046,7.1,0,1,0
2026-05-10 10:16:40,29.9,57.8,2048,7.4,0,1,0
2026-05-10 10:16:45,29.8,55.7,2049,7.2,0,1,0
2026-05-10 10:16:50,29.4,55.4,2050,7.1,0,1,0
2026-05-10 10:16:55,29.7,57.5,2051,7.3,0,1,0
2026-05-10 10:17:00,29.9,58.3,2052,7.1,0,1,0
2026-05-10 10:17:05,30.1,60.0,2054,7.3,0,1,0
2026-05-10 10:17:10,30.0,56.8,2057,7.3,0,1,0
2026-05-10 10:17:15,29.5,53.1,2059,7.1,0,1,0
2026-05-10 10:17:20,29.8,54.2,2060,7.2,0,1,0
2026-05-10 10:17:25,29.7,60.2,2062,7.1,0,1,0
2026-05-10 10:17:30,29.5,54.2,2064,7.1,0,1,0
2026-05-10 10:17:35,30.5,55.0,2065,7.2,0,1,0
2026-05-10 10:17:40,29.8,57.3,2067,7.2,0,1,0
2026-05-10 10:17:45,29.8,54.4,2068,7.2,0,1,0
2026-05-10 10:17:50,29.6,54.8,2070,7.0,0,1,0
2026-05-10 10:17:55,29.8,55.9,2071,7.3,0,1,0
2026-05-10 10:18:00,29.6,58.8,2072,7.0,0,1,0
2026-05-10 10:18:05,29.6,55.2,2073,7.2,0,1,0
2026-05-10 10:18:10,30.0,58.1,2073,7.1,0,1,0
2026-05-10 10:18:15,30.0,55.7,2074,7.1,0,1,0
2026-05-10 10:18:20,29.9,56.5,2076,7.1,0,1,0
2026-05-10 10:18:25,29.4,57.5,2077,7.1,0,1,0
2026-05-10 10:18:30,30.1,54.8,2078,7.0,0,1,0
2026-05-10 10:18:35,30.1,55.9,2081,7.0,0,1,0
2026-05-10 10:18:40,29.7,52.8,2082,7.2,0,1,0
2026-05-10 10:18:45,29.7,54.2,2083,7.2,0,1,0
2026-05-10 10:18:50,29.8,55.6,2084,7.1,0,1,0
2026-05-10 10:18:55,29.6,52.0,2085,7.2,0,1,0
2026-05-10 10:19:00,30.3,53.6,2087,7.2,0,1,0
2026-05-10 10:19:05,29.8,58.5,2089,7.1,0,1,0
2026-05-10 10:19:10,29.6,56.2,2088,7.2,0,1,0
2026-05-10 10:19:15,29.9,57.5,2090,6.9,0,1,0
2026-05-10 10:19:20,29.7,50.6,2090,7.3,0,1,0
2026-05-10 10:19:25,29.9,59.1,2092,7.0,0,1,0
2026-05-10 10:19:30,29.4,57.0,2094,7.1,0,1,0
2026-05-10 10:19:35,30.0,56.5,2095,7.2,0,1,0
2026-05-10 10:19:40,29.6,50.8,2096,7.1,0,1,0
2026-05-10 10:19:45,29.4,56.6,2097,7.0,0,1,0
2026-05-10 10:19:50,30.2,56.1,2098,7.1,0,1,0
2026-05-10 10:19:55,30.0,53.1,2100,7.3,0,1,0
2026-05-10 10:20:00,29.6,59.6,2101,7.2,0,1,0
2026-05-10 10:20:05,29.9,58.2,2102,7.1,0,1,0
2026-05-10 10:20:10,29.9,56.8,2104,6.9,0,1,0
2026-05-10 10:20:15,29.8,59.5,2105,7.2,0,1,0
2026-05-10 10:20:20,29.5,56.0,2106,7.1,0,1,0
2026-05-10 10:20:25,29.9,56.8,2108,7.1,0,1,0
2026-05-10 10:20:30,29.9,53.0,2109,7.2,0,1,0
2026-05-10 10:20:35,29.6,58.1,2110,7.3,0,1,0
2026-05-10 10:20:40,30.0,54.4,2112,7.0,0,1,0
2026-05-10 10:20:45,29.3,52.3,2112,7.3,0,1,0
2026-05-10 10:20:50,30.0,57.3,2114,7.3,0,1,0
2026-05-10 10:20:55,29.3,56.2,2115,7.2,0,1,0
2026-05-10 10:21:00,30.0,56.1,2117,7.0,0,1,0
2026-05-10 10:21:05,29.8,57.9,2118,7.1,0,1,0
2026-05-10 10:21:10,29.6,52.8,2118,7.1,0,1,0
2026-05-10 10:21:15,29.5,55.9,2120,7.0,0,1,0
2026-05-10 10:21:20,29.8,58.6,2121,7.3,0,1,0
2026-05-10 10:21:25,29.6,51.3,2123,7.1,0,1,0
2026-05-10 10:21:30,30.0,59.5,2124,7.1,0,1,0
2026-05-10 10:21:35,29.9,58.6,2126,7.2,0,1,0
2026-05-10 10:21:40,29.1,57.0,2127,7.2,0,1,0
2026-05-10 10:21:45,29.9,55.8,2129,7.1,0,1,0
2026-05-10 10:21:50,29.6,56.9,2131,7.1,0,1,0
2026-05-10 10:21:55,30.1,58.4,2132,7.2,0,1,0
2026-05-10 10:22:00,30.4,51.7,2133,7.2,0,1,0
2026-05-10 10:22:05,29.9,57.4,2135,7.3,0,1,0
2026-05-10 10:22:10,29.4,55.8,2135,7.2,0,1,0
2026-05-10 10:22:15,30.1,55.1,2137,7.1,0,1,0
2026-05-10 10:22:20,29.7,59.1,2138,7.2,0,1,0
2026-05-10 10:22:25,29.8,53.9,2140,7.2,0,1,0
2026-05-10 10:22:30,29.9,56.5,2141,7.1,0,1,0
2026-05-10 10:22:35,29.4,61.5,2142,7.3,0,1,0
2026-05-10 10:22:40,30.4,55.9,2144,7.1,0,1,0
2026-05-10 10:22:45,30.0,51.8,2145,7.0,0,1,0
2026-05-10 10:22:50,29.8,56.5,2147,7.2,0,1,0
2026-05-10 10:22:55,30.0,55.6,2149,7.0,0,1,0
2026-05-10 10:23:00,29.5,55.1,2149,7.0,0,1,0
2026-05-10 10:23:05,29.9,55.8,2149,7.1,0,1,0
2026-05-10 10:23:10,29.3,50.8,2151,7.1,0,1,0
2026-05-10 10:23:15,30.0,55.1,2152,6.9,0,1,0
2026-05-10 10:23:20,30.2,55.1,2154,7.2,0,1,0
2026-05-10 10:23:25,29.6,57.2,2155,7.1,0,1,0
2026-05-10 10:23:30,29.8,54.0,2157,7.1,0,1,0
2026-05-10 10:23:35,29.3,56.9,2158,7.1,0,1,0
2026-05-10 10:23:40,30.1,54.8,2160,7.1,0,1,0
2026-05-10 10:23:45,29.6,56.7,2161,7.1,0,1,0
2026-05-10 10:23:50,29.6,57.1,2162,7.1,0,1,0
2026-05-10 10:23:55,30.1,53.6,2164,7.0,0,1,0
2026-05-10 10:24:00,29.4,55.0,2165,7.0,0,1,0
2026-05-10 10:24:05,29.9,54.9,2166,7.1,0,1,0
2026-05-10 10:24:10,29.6,56.6,2167,7.0,0,1,0
2026-05-10 10:24:15,30.0,56.7,2168,7.1,0,1,0
2026-05-10 10:24:20,30.4,57.5,2169,7.3,0,1,0
2026-05-10 10:24:25,30.0,54.7,2171,7.1,0,1,0
2026-05-10 10:24:30,30.3,55.4,2172,7.2,0,1,0
2026-05-10 10:24:35,30.2,59.6,2174,7.1,0,1,0
2026-05-10 10:24:40,30.1,55.0,2175,7.1,0,1,0
2026-05-10 10:24:45,29.8,51.1,2176,7.2,0,1,0
2026-05-10 10:24:50,30.0,56.5,2178,7.1,0,1,0
2026-05-10 10:24:55,30.2,59.8,2180,6.9,0,1,0
2026-05-10 10:25:00,29.8,55.1,2182,7.2,0,1,0
2026-05-10 10:25:05,30.2,55.3,2183,7.1,0,1,0
2026-05-10 10:25:10,30.0,53.0,2184,7.0,0,1,0
2026-05-10 10:25:15,29.7,53.3,2186,7.2,0,1,0
2026-05-10 10:25:20,29.9,54.6,2187,7.2,0,1,0
2026-05-10 10:25:25,29.5,56.2,2188,7.0,0,1,0
2026-05-10 10:25:30,30.0,52.6,2189,7.0,0,1,0
2026-05-10 10:25:35,29.8,54.9,2190,7.2,0,1,0
2026-05-10 10:25:40,29.9,58.6,2191,7.2,0,1,0
2026-05-10 10:25:45,29.6,55.6,2193,7.1,0,1,0
2026-05-10 10:25:50,30.0,57.5,2193,7.1,0,1,0
2026-05-10 10:25:55,29.8,57.0,2195,7.2,0,1,0
2026-05-10 10:26:00,30.6,58.2,2197,7.0,0,1,0
2026-05-10 10:26:05,30.0,54.4,2199,7.2,0,1,0
2026-05-10 10:26:10,29.6,57.2,2200,7.2,0,1,1
2026-05-10 10:26:15,30.0,57.0,2155,6.9,0,1,1
2026-05-10 10:26:20,29.7,52.1,2122,7.1,0,1,1
2026-05-10 10:26:25,30.1,55.2,2088,7.0,0,1,1
2026-05-10 10:26:30,29.6,55.1,2043,7.1,0,1,1
2026-05-10 10:26:35,29.7,53.2,1999,7.0,0,1,1
2026-05-10 10:26:40,30.0,55.6,1961,7.0,0,1,1
2026-05-10 10:26:45,30.3,53.1,1915,7.2,0,1,1
2026-05-10 10:26:50,29.4,55.2,1876,7.1,0,1,1
2026-05-10 10:26:55,29.8,57.1,1828,7.1,0,1,1
2026-05-10 10:27:00,29.6,56.7,1794,7.1,0,1,1
2026-05-10 10:27:05,29.7,59.4,1760,6.9,0,1,1
2026-05-10 10:27:10,29.9,53.2,1761,7.2,0,1,0
2026-05-10 10:27:15,29.8,57.5,1763,7.2,0,1,0
2026-05-10 10:27:20,29.5,59.2,1764,7.1,0,1,0
2026-05-10 10:27:25,29.7,55.0,1766,7.1,0,1,0
2026-05-10 10:27:30,30.1,54.5,1767,7.1,0,1,0
2026-05-10 10:27:35,30.0,53.2,1769,7.0,0,1,0
2026-05-10 10:27:40,29.9,55.2,1770,6.9,0,1,0
2026-05-10 10:27:45,29.6,56.2,1771,7.0,0,1,0
2026-05-10 10:27:50,29.8,60.8,1772,7.1,0,1,0
2026-05-10 10:27:55,30.0,56.5,1774,6.9,0,1,0
2026-05-10 10:28:00,30.1,56.1,1774,6.9,0,1,0
2026-05-10 10:28:05,29.3,58.7,1776,7.0,0,1,0
2026-05-10 10:28:10,30.1,56.6,1777,7.1,0,1,0
2026-05-10 10:28:15,29.4,58.8,1779,7.1,0,1,0
2026-05-10 10:28:20,29.7,53.9,1781,7.0,0,1,0
2026-05-10 10:28:25,29.9,55.9,1782,7.0,0,1,0
2026-05-10 10:28:30,30.2,58.1,1784,6.9,0,1,0
2026-05-10 10:28:35,29.4,53.4,1785,7.0,0,1,0
2026-05-10 10:28:40,30.0,56.0,1786,7.1,0,1,0
2026-05-10 10:28:45,29.6,57.4,1787,7.0,0,1,0
2026-05-10 10:28:50,30.1,57.4,1787,7.0,0,1,0
2026-05-10 10:28:55,29.8,57.0,1789,6.8,0,1,0
2026-05-10 10:29:00,29.7,55.3,1790,7.0,0,1,0
2026-05-10 10:29:05,30.2,56.0,1792,7.1,0,1,0
2026-05-10 10:29:10,29.6,56.4,1793,7.0,0,1,0
2026-05-10 10:29:15,30.0,52.1,1794,6.9,0,1,0
2026-05-10 10:29:20,30.2,56.7,1795,6.9,0,1,0
2026-05-10 10:29:25,29.7,53.8,1798,7.0,0,1,0
2026-05-10 10:29:30,29.7,53.5,1800,7.1,0,1,0
2026-05-10 10:29:35,29.6,54.7,1801,7.0,0,1,0
2026-05-10 10:29:40,29.9,56.5,1802,7.1,0,1,0
2026-05-10 10:29:45,29.8,52.6,1803,7.0,0,1,0
2026-05-10 10:29:50,29.7,54.2,1804,7.0,0,1,0
2026-05-10 10:29:55,30.3,55.2,1805,6.9,0,1,0
2026-05-10 10:30:00,30.0,56.1,1807,6.8,0,1,0
2026-05-10 10:30:05,29.6,54.9,1807,7.0,0,1,0
2026-05-10 10:30:10,29.8,57.4,1808,7.0,0,1,0
2026-05-10 10:30:15,30.3,53.7,1810,7.0,0,1,0
2026-05-10 10:30:20,29.6,57.1,1812,7.2,0,1,0
2026-05-10 10:30:25,30.0,53.7,1813,7.1,0,1,0
2026-05-10 10:30:30,30.1,55.9,1814,7.1,0,1,0
2026-05-10 10:30:35,30.1,56.7,1815,6.8,0,1,0
2026-05-10 10:30:40,30.1,54.6,1817,7.2,0,1,0
2026-05-10 10:30:45,29.9,54.7,1818,6.8,0,1,0
2026-05-10 10:30:50,29.7,56.1,1819,7.0,0,1,0
2026-05-10 10:30:55,30.0,51.5,1822,7.2,0,1,0
2026-05-10 10:31:00,30.2,57.5,1823,7.0,0,1,0
2026-05-10 10:31:05,29.8,57.5,1824,6.9,0,1,0
2026-05-10 10:31:10,30.2,53.6,1826,7.0,0,1,0
2026-05-10 10:31:15,30.0,57.6,1827,7.1,0,1,0
2026-05-10 10:31:20,29.8,54.4,1828,7.1,0,1,0
2026-05-10 10:31:25,29.8,54.9,1828,7.1,0,1,0
2026-05-10 10:31:30,29.9,57.1,1830,7.0,0,1,0
2026-05-10 10:31:35,30.2,56.0,1831,6.7,0,1,0
2026-05-10 10:31:40,30.2,54.5,1832,6.9,0,1,0
2026-05-10 10:31:45,30.4,59.3,1835,7.0,0,1,0
2026-05-10 10:31:50,30.1,56.0,1835,7.0,0,1,0
2026-05-10 10:31:55,30.4,52.7,1837,7.1,0,1,0
2026-05-10 10:32:00,29.6,56.3,1837,7.1,0,1,0
2026-05-10 10:32:05,29.9,56.0,1838,7.0,0,1,0
2026-05-10 10:32:10,30.5,57.8,1839,7.2,0,1,0
2026-05-10 10:32:15,30.0,56.0,1840,7.0,0,1,0
2026-05-10 10:32:20,29.9,57.2,1842,7.0,0,1,0
2026-05-10 10:32:25,29.9,53.6,1843,6.8,0,1,0
2026-05-10 10:32:30,29.7,55.5,1844,7.0,0,1,0
2026-05-10 10:32:35,29.7,60.9,1846,7.0,0,1,0
2026-05-10 10:32:40,29.8,56.2,1847,7.1,0,1,0
2026-05-10 10:32:45,29.4,60.0,1848,7.2,0,1,0
2026-05-10 10:32:50,29.9,55.1,1849,6.9,0,1,0
2026-05-10 10:32:55,30.8,53.8,1850,7.1,0,1,0
2026-05-10 10:33:00,29.7,52.9,1850,7.1,0,1,0
2026-05-10 10:33:05,29.4,55.7,1852,7.2,0,1,0
2026-05-10 10:33:10,30.1,55.3,1854,7.2,0,1,0
2026-05-10 10:33:15,29.5,56.7,1856,6.9,0,1,0
2026-05-10 10:33:20,29.8,53.4,1857,6.8,0,1,0
2026-05-10 10:33:25,30.0,55.7,1858,7.1,0,1,0
2026-05-10 10:33:30,29.9,51.9,1858,6.9,0,1,0
2026-05-10 10:33:35,29.7,59.1,1859,6.8,0,1,0
2026-05-10 10:33:40,30.1,58.8,1861,6.9,0,1,0
2026-05-10 10:33:45,29.4,57.2,1861,7.1,0,1,0
2026-05-10 10:33:50,30.4,55.2,1862,6.9,0,1,0
2026-05-10 10:33:55,30.2,56.3,1863,6.9,0,1,0
2026-05-10 10:34:00,29.7,58.7,1865,7.1,0,1,0
2026-05-10 10:34:05,29.7,53.8,1866,7.0,0,1,0
2026-05-10 10:34:10,30.0,54.1,1867,7.0,0,1,0
2026-05-10 10:34:15,29.9,54.8,1868,6.9,0,1,0
2026-05-10 10:34:20,30.0,55.9,1869,6.8,0,1,0
2026-05-10 10:34:25,29.8,58.2,1870,6.9,0,1,0
2026-05-10 10:34:30,29.6,57.0,1871,7.0,0,1,0
2026-05-10 10:34:35,29.2,55.5,1872,7.0,0,1,0
2026-05-10 10:34:40,29.8,57.9,1874,6.9,0,1,0
2026-05-10 10:34:45,29.2,54.5,1875,6.9,0,1,0
2026-05-10 10:34:50,29.9,55.5,1876,7.0,0,1,0
2026-05-10 10:34:55,29.9,56.9,1878,6.9,0,1,0
2026-05-10 10:35:00,30.4,56.4,1878,6.8,0,1,0
2026-05-10 10:35:05,29.5,56.5,1879,7.0,0,1,0
2026-05-10 10:35:10,29.5,56.7,1880,6.9,0,1,0
2026-05-10 10:35:15,30.0,56.0,1882,6.8,0,1,0
2026-05-10 10:35:20,29.6,55.7,1883,7.1,0,1,0
2026-05-10 10:35:25,29.9,57.1,1884,7.0,0,1,0
2026-05-10 10:35:30,29.5,56.8,1885,7.1,0,1,0
2026-05-10 10:35:35,29.7,54.7,1887,7.1,0,1,0
2026-05-10 10:35:40,29.7,57.9,1888,7.0,0,1,0
2026-05-10 10:35:45,30.2,58.6,1890,7.0,0,1,0
2026-05-10 10:35:50,29.7,56.5,1892,6.9,0,1,0
2026-05-10 10:35:55,30.1,57.7,1893,7.0,0,1,0
2026-05-10 10:36:00,30.1,54.9,1893,6.9,0,1,0
2026-05-10 10:36:05,29.5,56.1,1894,6.8,0,1,0
2026-05-10 10:36:10,30.7,56.3,1896,7.1,0,1,0
2026-05-10 10:36:15,29.9,60.3,1897,7.1,0,1,0
2026-05-10 10:36:20,30.0,57.6,1897,7.0,0,1,0
2026-05-10 10:36:25,30.0,57.2,1897,7.0,0,1,0
2026-05-10 10:36:30,30.1,57.4,1898,7.0,0,1,0
2026-05-10 10:36:35,30.3,55.0,1901,7.0,0,1,0
2026-05-10 10:36:40,29.7,58.4,1903,6.9,0,1,0
2026-05-10 10:36:45,30.1,59.1,1905,7.1,0,1,0
2026-05-10 10:36:50,29.6,57.6,1905,6.8,0,1,0
2026-05-10 10:36:55,29.8,55.5,1906,7.0,0,1,0
2026-05-10 10:37:00,30.0,57.3,1908,7.0,0,1,0
2026-05-10 10:37:05,29.6,54.8,1909,7.0,0,1,0
2026-05-10 10:37:10,29.9,52.8,1910,6.9,0,1,0
2026-05-10 10:37:15,29.0,58.7,1912,7.0,0,1,0
2026-05-10 10:37:20,29.6,53.5,1914,7.1,0,1,0
2026-05-10 10:37:25,29.5,53.4,1915,6.8,0,1,0
2026-05-10 10:37:30,29.8,55.3,1917,6.9,0,1,0
2026-05-10 10:37:35,29.4,55.0,1918,6.9,0,1,0
2026-05-10 10:37:40,30.6,52.1,1918,6.9,0,1,0
2026-05-10 10:37:45,29.9,56.2,1920,7.0,0,1,0
2026-05-10 10:37:50,29.9,57.1,1921,7.0,0,1,0
2026-05-10 10:37:55,29.6,54.1,1922,6.8,0,1,0
2026-05-10 10:38:00,29.9,56.9,1925,6.9,0,1,0
2026-05-10 10:38:05,30.4,55.3,1926,6.9,0,1,0
2026-05-10 10:38:10,29.9,54.9,1928,6.9,0,1,0
2026-05-10 10:38:15,29.4,58.0,1929,6.9,0,1,0
2026-05-10 10:38:20,29.9,53.0,1930,6.9,0,1,0
2026-05-10 10:38:25,30.0,54.4,1931,7.0,0,1,0
2026-05-10 10:38:30,30.2,52.8,1932,7.1,0,1,0
2026-05-10 10:38:35,30.3,53.7,1933,7.1,0,1,0
2026-05-10 10:38:40,29.8,56.1,1933,6.8,0,1,0
2026-05-10 10:38:45,29.9,55.2,1935,6.8,0,1,0
2026-05-10 10:38:50,29.5,54.1,1936,7.0,0,1,0
2026-05-10 10:38:55,29.7,54.8,1938,6.9,0,1,0
2026-05-10 10:39:00,29.6,55.9,1939,6.9,0,1,0
2026-05-10 10:39:05,29.9,53.0,1940,6.9,0,1,0
2026-05-10 10:39:10,29.7,53.3,1941,6.9,0,1,0
2026-05-10 10:39:15,29.8,57.0,1943,6.9,0,1,0
2026-05-10 10:39:20,30.1,53.0,1945,6.9,0,1,0
2026-05-10 10:39:25,29.7,53.7,1946,6.8,0,1,0
2026-05-10 10:39:30,29.5,59.6,1948,7.0,0,1,0
2026-05-10 10:39:35,29.3,57.7,1949,6.8,0,1,0
2026-05-10 10:39:40,30.1,54.0,1950,6.8,0,1,0
2026-05-10 10:39:45,29.5,52.4,1952,6.9,0,1,0
2026-05-10 10:39:50,30.2,55.3,1953,6.9,0,1,0
2026-05-10 10:39:55,29.7,54.6,1954,7.0,0,1,0
2026-05-10 10:40:00,30.1,58.0,1955,6.9,0,1,0
2026-05-10 10:40:05,29.9,56.6,1956,6.8,0,1,0
2026-05-10 10:40:10,29.8,56.4,1956,6.9,0,1,0
2026-05-10 10:40:15,30.0,56.2,1958,6.8,0,1,0
2026-05-10 10:40:20,29.4,58.7,1960,6.9,0,1,0
2026-05-10 10:40:25,30.0,55.9,1961,6.8,0,1,0
2026-05-10 10:40:30,30.0,58.9,1962,6.9,0,1,0
2026-05-10 10:40:35,29.4,54.9,1965,7.1,0,1,0
2026-05-10 10:40:40,29.7,56.4,1966,6.8,0,1,0
2026-05-10 10:40:45,29.8,57.4,1966,6.9,0,1,0
2026-05-10 10:40:50,29.8,54.1,1967,7.0,0,1,0
2026-05-10 10:40:55,30.1,55.2,1969,6.8,0,1,0
2026-05-10 10:41:00,29.4,55.1,1971,7.0,0,1,0
2026-05-10 10:41:05,29.5,60.6,1971,7.0,0,1,0
2026-05-10 10:41:10,30.1,54.0,1972,6.8,0,1,0
2026-05-10 10:41:15,29.7,54.4,1973,6.9,0,1,0
2026-05-10 10:41:20,30.6,56.6,1974,6.9,0,1,0
2026-05-10 10:41:25,30.0,55.1,1974,6.9,0,1,0
2026-05-10 10:41:30,30.3,50.6,1977,7.0,0,1,0
2026-05-10 10:41:35,29.6,55.7,1978,6.9,0,1,0
2026-05-10 10:41:40,29.6,56.2,1981,7.0,0,1,0
2026-05-10 10:41:45,29.9,52.3,1982,6.8,0,1,0
2026-05-10 10:41:50,29.7,54.5,1983,6.9,0,1,0
2026-05-10 10:41:55,29.7,56.1,1984,7.0,0,1,0
2026-05-10 10:42:00,29.6,54.2,1985,7.0,0,1,0
2026-05-10 10:42:05,30.2,56.1,1987,6.8,0,1,0
2026-05-10 10:42:10,30.0,54.1,1988,6.9,0,1,0
2026-05-10 10:42:15,30.2,55.1,1990,6.8,0,1,0
2026-05-10 10:42:20,29.6,57.5,1992,6.9,0,1,0
2026-05-10 10:42:25,30.1,54.7,1993,6.7,0,1,0
2026-05-10 10:42:30,29.7,56.9,1994,6.8,0,1,0
2026-05-10 10:42:35,29.7,54.5,1996,6.8,0,1,0
2026-05-10 10:42:40,30.5,54.3,1997,6.9,0,1,0
2026-05-10 10:42:45,30.3,54.2,1998,6.9,0,1,0
2026-05-10 10:42:50,29.8,56.5,1999,6.8,0,1,0
2026-05-10 10:42:55,29.7,54.5,2000,6.8,0,1,0
2026-05-10 10:43:00,30.1,55.1,2002,6.9,0,1,0
2026-05-10 10:43:05,29.5,56.9,2002,6.9,0,1,0
2026-05-10 10:43:10,29.5,53.8,2003,6.6,0,1,0
2026-05-10 10:43:15,30.0,53.5,2003,6.8,0,1,0
2026-05-10 10:43:20,29.8,53.7,2004,6.9,0,1,0
2026-05-10 10:43:25,30.2,54.5,2005,6.8,0,1,0
2026-05-10 10:43:30,29.9,55.7,2006,6.8,0,1,0
2026-05-10 10:43:35,29.7,53.6,2008,6.6,0,1,0
2026-05-10 10:43:40,29.9,56.0,2009,6.9,0,1,0
2026-05-10 10:43:45,29.9,54.2,2010,6.8,0,1,0
2026-05-10 10:43:50,30.4,55.5,2012,7.0,0,1,0
2026-05-10 10:43:55,30.1,54.0,2013,6.8,0,1,0
2026-05-10 10:44:00,29.9,58.8,2014,6.8,0,1,0
2026-05-10 10:44:05,29.1,52.4,2015,6.8,0,1,0
2026-05-10 10:44:10,30.0,54.5,2017,6.8,0,1,0
2026-05-10 10:44:15,30.2,55.1,2018,6.8,0,1,0
2026-05-10 10:44:20,29.6,55.3,2019,7.0,0,1,0
2026-05-10 10:44:25,30.1,55.8,2020,6.9,0,1,0
2026-05-10 10:44:30,29.7,54.6,2022,6.8,0,1,0
2026-05-10 10:44:35,30.1,55.9,2023,6.8,0,1,0
2026-05-10 10:44:40,30.0,54.0,2025,6.9,0,1,0
2026-05-10 10:44:45,29.9,53.9,2026,6.8,0,1,0
2026-05-10 10:44:50,29.8,55.8,2028,6.8,0,1,0
2026-05-10 10:44:55,29.8,53.7,2029,6.7,0,1,0
2026-05-10 10:45:00,29.9,56.1,2031,6.9,0,1,0
2026-05-10 10:45:05,30.0,54.8,2032,7.0,0,1,0
2026-05-10 10:45:10,29.8,52.7,2033,6.8,0,1,0
2026-05-10 10:45:15,29.4,52.2,2034,6.8,0,1,0
2026-05-10 10:45:20,29.7,55.2,2036,6.8,0,1,0
2026-05-10 10:45:25,30.0,54.6,2037,6.8,0,1,0
2026-05-10 10:45:30,29.5,54.6,2038,6.7,0,1,0
2026-05-10 10:45:35,30.2,54.2,2039,6.7,0,1,0
2026-05-10 10:45:40,30.3,56.1,2040,7.0,0,1,0
2026-05-10 10:45:45,30.4,57.1,2041,7.0,0,1,0
2026-05-10 10:45:50,29.9,54.8,2042,6.8,0,1,0
2026-05-10 10:45:55,30.0,54.7,2044,6.8,0,1,0
2026-05-10 10:46:00,29.9,56.9,2044,6.8,0,1,0
2026-05-10 10:46:05,29.6,53.7,2046,6.7,0,1,0
2026-05-10 10:46:10,29.8,58.0,2047,7.0,0,1,0
2026-05-10 10:46:15,30.2,55.0,2048,6.8,0,1,0
2026-05-10 10:46:20,29.8,55.0,2049,6.9,0,1,0
2026-05-10 10:46:25,29.8,58.4,2051,6.7,0,1,0
2026-05-10 10:46:30,30.0,53.9,2053,7.0,0,1,0
2026-05-10 10:46:35,29.9,54.0,2055,7.0,0,1,0
2026-05-10 10:46:40,29.8,53.3,2057,7.0,0,1,0
2026-05-10 10:46:45,30.1,51.3,2058,6.8,0,1,0
2026-05-10 10:46:50,29.7,57.0,2060,6.7,0,1,0
2026-05-10 10:46:55,30.2,55.2,2061,6.9,0,1,0
2026-05-10 10:47:00,30.5,55.0,2062,6.7,0,1,0
2026-05-10 10:47:05,29.9,54.6,2064,6.7,0,1,0
2026-05-10 10:47:10,29.8,52.5,2065,6.7,0,1,0
2026-05-10 10:47:15,30.0,57.0,2065,6.9,0,1,0
2026-05-10 10:47:20,30.3,56.2,2067,6.9,0,1,0
2026-05-10 10:47:25,29.7,57.5,2069,6.8,0,1,0
2026-05-10 10:47:30,29.8,54.5,2070,6.5,0,1,0
2026-05-10 10:47:35,29.7,54.3,2072,6.9,0,1,0
2026-05-10 10:47:40,29.5,56.2,2073,6.8,0,1,0
2026-05-10 10:47:45,29.6,50.8,2074,6.8,0,1,0
2026-05-10 10:47:50,29.7,57.6,2075,6.9,0,1,0
2026-05-10 10:47:55,29.8,57.3,2077,6.9,0,1,0
2026-05-10 10:48:00,29.7,57.5,2077,6.9,0,1,0
2026-05-10 10:48:05,29.8,57.1,2078,6.9,0,1,0
2026-05-10 10:48:10,30.7,56.7,2079,6.7,0,1,0
2026-05-10 10:48:15,30.2,55.9,2081,6.9,0,1,0
2026-05-10 10:48:20,30.2,55.7,2084,6.9,0,1,0
2026-05-10 10:48:25,30.1,55.4,2085,6.7,0,1,0
2026-05-10 10:48:30,29.9,55.4,2086,6.7,0,1,0
2026-05-10 10:48:35,29.7,54.3,2086,6.9,0,1,0
2026-05-10 10:48:40,29.8,54.6,2086,6.7,0,1,0
2026-05-10 10:48:45,29.2,57.7,2087,6.8,0,1,0
2026-05-10 10:48:50,29.4,55.3,2088,6.8,0,1,0
2026-05-10 10:48:55,30.3,54.2,2090,6.9,0,1,0
2026-05-10 10:49:00,29.8,52.0,2091,6.9,0,1,0
2026-05-10 10:49:05,29.4,57.6,2092,6.8,0,1,0
2026-05-10 10:49:10,30.0,55.7,2094,6.7,0,1,0
2026-05-10 10:49:15,29.8,54.4,2095,6.7,0,1,0
2026-05-10 10:49:20,29.9,55.8,2097,6.8,0,1,0
2026-05-10 10:49:25,29.5,59.0,2098,6.8,0,1,0
2026-05-10 10:49:30,29.8,53.8,2099,6.8,0,1,0
2026-05-10 10:49:35,29.9,53.8,2100,6.8,0,1,0
2026-05-10 10:49:40,30.1,53.0,2101,7.0,0,1,0
2026-05-10 10:49:45,29.8,55.5,2103,6.7,0,1,0
2026-05-10 10:49:50,30.1,54.0,2103,6.9,0,1,0
2026-05-10 10:49:55,29.6,53.1,2104,6.8,0,1,0
2026-05-10 10:50:00,30.0,56.1,2105,6.8,0,1,0
2026-05-10 10:50:05,30.2,57.9,2106,6.7,0,1,0
2026-05-10 10:50:10,30.0,59.6,2108,6.6,0,1,0
2026-05-10 10:50:15,30.2,55.2,2109,6.7,0,1,0
2026-05-10 10:50:20,29.9,56.7,2111,6.8,0,1,0
2026-05-10 10:50:25,29.9,55.3,2112,6.5,0,1,0
2026-05-10 10:50:30,29.4,53.5,2113,6.9,0,1,0
2026-05-10 10:50:35,30.0,56.8,2115,6.8,0,1,0
2026-05-10 10:50:40,29.6,59.3,2116,6.8,0,1,0
2026-05-10 10:50:45,30.0,54.0,2118,6.8,0,1,0
2026-05-10 10:50:50,29.9,53.9,2119,6.9,0,1,0
2026-05-10 10:50:55,30.1,52.1,2120,6.7,0,1,0
2026-05-10 10:51:00,30.1,57.0,2122,6.7,0,1,0
2026-05-10 10:51:05,29.7,53.8,2124,6.7,0,1,0
2026-05-10 10:51:10,30.0,56.8,2125,6.7,0,1,0
2026-05-10 10:51:15,29.8,57.5,2127,6.7,0,1,0
2026-05-10 10:51:20,30.3,56.0,2128,6.8,0,1,0
2026-05-10 10:51:25,29.8,55.5,2130,6.8,0,1,0
2026-05-10 10:51:30,29.8,53.7,2131,6.7,0,1,0
2026-05-10 10:51:35,29.9,53.5,2132,6.7,0,1,0
2026-05-10 10:51:40,29.4,53.8,2133,6.6,0,1,0
2026-05-10 10:51:45,29.4,54.9,2134,6.9,0,1,0
2026-05-10 10:51:50,30.2,57.0,2135,6.8,0,1,0
2026-05-10 10:51:55,29.7,55.3,2136,6.7,0,1,0
2026-05-10 10:52:00,29.6,54.4,2138,6.8,0,1,0
2026-05-10 10:52:05,30.0,53.4,2139,6.7,0,1,0
2026-05-10 10:52:10,29.4,55.4,2141,6.9,0,1,0
2026-05-10 10:52:15,30.4,58.1,2143,6.7,0,1,0
2026-05-10 10:52:20,30.4,53.2,2143,6.5,0,1,0
2026-05-10 10:52:25,29.9,53.1,2144,7.0,0,1,0
2026-05-10 10:52:30,30.1,56.6,2145,6.5,0,1,0
2026-05-10 10:52:35,29.9,55.2,2146,6.6,0,1,0
2026-05-10 10:52:40,29.4,56.9,2147,6.6,0,1,0
2026-05-10 10:52:45,29.5,53.4,2147,6.6,0,1,0
2026-05-10 10:52:50,30.4,54.9,2149,6.7,0,1,0
2026-05-10 10:52:55,30.2,54.8,2151,6.5,0,1,0
2026-05-10 10:53:00,29.5,54.5,2152,6.8,0,1,0
2026-05-10 10:53:05,29.3,56.5,2153,6.6,0,1,0
2026-05-10 10:53:10,29.7,55.0,2155,6.7,0,1,0
2026-05-10 10:53:15,30.3,54.3,2156,6.8,0,1,0
2026-05-10 10:53:20,29.5,54.0,2157,6.7,0,1,0
2026-05-10 10:53:25,30.2,57.7,2158,6.7,0,1,0
2026-05-10 10:53:30,29.3,52.9,2159,6.8,0,1,0
2026-05-10 10:53:35,29.7,52.7,2160,6.8,0,1,0
2026-05-10 10:53:40,29.8,53.4,2161,6.8,0,1,0
2026-05-10 10:53:45,29.3,53.1,2162,6.9,0,1,0
2026-05-10 10:53:50,29.5,51.6,2163,6.5,0,1,0
2026-05-10 10:53:55,29.6,54.3,2164,6.9,0,1,0
2026-05-10 10:54:00,29.4,55.0,2164,6.6,0,1,0
2026-05-10 10:54:05,30.5,56.3,2165,6.7,0,1,0
2026-05-10 10:54:10,30.1,56.5,2168,6.7,0,1,0
2026-05-10 10:54:15,29.8,58.4,2169,6.8,0,1,0
2026-05-10 10:54:20,29.5,55.2,2170,6.8,0,1,0
2026-05-10 10:54:25,29.6,54.8,2171,6.6,0,1,0
2026-05-10 10:54:30,29.7,52.1,2172,6.6,0,1,0
2026-05-10 10:54:35,29.4,53.3,2173,6.8,0,1,0
2026-05-10 10:54:40,30.1,50.9,2174,7.0,0,1,0
2026-05-10 10:54:45,29.6,59.0,2175,6.8,0,1,0
2026-05-10 10:54:50,29.8,54.9,2177,6.8,0,1,0
2026-05-10 10:54:55,29.7,53.6,2177,6.7,0,1,0
2026-05-10 10:55:00,30.0,54.3,2179,6.7,0,1,0
2026-05-10 10:55:05,29.9,56.9,2181,6.5,0,1,0
2026-05-10 10:55:10,30.2,58.3,2183,6.7,0,1,0
2026-05-10 10:55:15,29.7,54.7,2185,6.5,0,1,0
2026-05-10 10:55:20,30.1,54.2,2186,6.7,0,1,0
2026-05-10 10:55:25,29.7,56.2,2187,6.7,0,1,0
2026-05-10 10:55:30,29.9,52.9,2188,6.4,0,1,0
2026-05-10 10:55:35,29.6,56.1,2189,6.9,0,1,0
2026-05-10 10:55:40,30.1,55.2,2190,6.7,0,1,0
2026-05-10 10:55:45,29.7,55.5,2192,6.7,0,1,0
2026-05-10 10:55:50,30.2,52.5,2193,6.8,0,1,0
2026-05-10 10:55:55,29.9,54.3,2194,6.7,0,1,0
2026-05-10 10:56:00,29.2,54.8,2196,6.7,0,1,0
2026-05-10 10:56:05,30.1,55.2,2197,6.6,0,1,0
2026-05-10 10:56:10,30.2,55.5,2197,6.8,0,1,0
2026-05-10 10:56:15,29.7,53.8,2199,6.7,0,1,0
2026-05-10 10:56:20,30.3,59.9,2200,6.6,0,1,1
2026-05-10 10:56:25,29.6,56.4,2160,6.8,0,1,1
2026-05-10 10:56:30,29.9,53.4,2125,6.7,0,1,1
2026-05-10 10:56:35,30.2,54.5,2084,6.7,0,1,1
2026-05-10 10:56:40,30.0,53.5,2042,6.9,0,1,1
2026-05-10 10:56:45,30.0,55.7,2009,6.8,0,1,1
2026-05-10 10:56:50,30.1,54.9,1968,6.9,0,1,1
2026-05-10 10:56:55,30.2,58.4,1935,6.7,0,1,1
2026-05-10 10:57:00,29.8,57.2,1903,6.7,0,1,1
2026-05-10 10:57:05,29.4,56.8,1875,6.8,0,1,1
2026-05-10 10:57:10,30.0,53.2,1832,6.7,0,1,1
2026-05-10 10:57:15,30.2,56.5,1794,6.7,0,1,1
2026-05-10 10:57:20,30.1,55.7,1795,6.7,0,1,0
2026-05-10 10:57:25,29.9,56.2,1796,6.6,0,1,0
2026-05-10 10:57:30,29.4,58.0,1796,6.5,0,1,0
2026-05-10 10:57:35,30.0,57.4,1798,6.8,0,1,0
2026-05-10 10:57:40,29.9,54.6,1800,6.7,0,1,0
2026-05-10 10:57:45,30.0,54.2,1801,6.7,0,1,0
2026-05-10 10:57:50,29.7,53.5,1802,6.8,0,1,0
2026-05-10 10:57:55,30.1,54.1,1804,6.7,0,1,0
2026-05-10 10:58:00,30.6,53.1,1805,6.7,0,1,0
2026-05-10 10:58:05,30.0,56.0,1806,6.7,0,1,0
2026-05-10 10:58:10,30.3,54.4,1808,6.8,0,1,0
2026-05-10 10:58:15,30.0,55.2,1809,6.6,0,1,0
2026-05-10 10:58:20,30.3,54.0,1810,6.5,0,1,0
2026-05-10 10:58:25,29.5,57.1,1812,6.6,0,1,0
2026-05-10 10:58:30,30.1,50.4,1812,6.6,0,1,0
2026-05-10 10:58:35,30.1,54.4,1813,6.8,0,1,0
2026-05-10 10:58:40,30.5,59.9,1815,6.4,0,1,0
2026-05-10 10:58:45,29.8,55.1,1817,6.7,0,1,0
2026-05-10 10:58:50,30.1,54.4,1819,6.6,0,1,0
2026-05-10 10:58:55,30.0,58.0,1821,6.6,0,1,0
2026-05-10 10:59:00,29.6,59.4,1822,6.7,0,1,0
2026-05-10 10:59:05,30.1,58.7,1823,6.7,0,1,0
2026-05-10 10:59:10,30.2,53.7,1825,6.5,0,1,0
2026-05-10 10:59:15,29.9,54.0,1826,6.6,0,1,0
2026-05-10 10:59:20,29.9,57.0,1827,6.6,0,1,0
2026-05-10 10:59:25,29.9,54.8,1828,6.6,0,1,0
2026-05-10 10:59:30,30.2,57.9,1828,6.7,0,1,0
2026-05-10 10:59:35,29.5,55.9,1830,6.6,0,1,0
2026-05-10 10:59:40,29.6,55.6,1831,6.6,0,1,0
2026-05-10 10:59:45,29.4,55.8,1832,6.7,0,1,0
2026-05-10 10:59:50,30.5,53.7,1832,6.8,0,1,0
2026-05-10 10:59:55,30.3,54.3,1833,6.7,0,1,0
2026-05-10 11:00:00,29.9,54.2,1835,6.5,0,1,0
2026-05-10 11:00:05,30.2,57.3,1837,6.6,0,1,0
2026-05-10 11:00:10,30.1,57.4,1838,6.7,0,1,0
2026-05-10 11:00:15,29.9,55.9,1839,6.7,0,1,0
2026-05-10 11:00:20,30.0,49.9,1841,6.5,0,1,0
2026-05-10 11:00:25,30.2,54.6,1841,6.7,0,1,0
2026-05-10 11:00:30,29.9,53.7,1842,6.5,0,1,0
2026-05-10 11:00:35,29.8,59.3,1844,6.6,0,1,0
2026-05-10 11:00:40,29.5,51.3,1844,6.6,0,1,0
2026-05-10 11:00:45,30.2,54.6,1845,6.7,0,1,0
2026-05-10 11:00:50,30.1,54.7,1847,6.8,0,1,0
2026-05-10 11:00:55,29.8,56.2,1847,6.8,0,1,0
2026-05-10 11:01:00,30.3,56.3,1849,6.6,0,1,0
2026-05-10 11:01:05,30.1,56.5,1850,6.5,0,1,0
2026-05-10 11:01:10,29.9,57.0,1852,6.6,0,1,0
2026-05-10 11:01:15,29.5,56.9,1854,6.6,0,1,0
2026-05-10 11:01:20,30.0,56.7,1854,6.5,0,1,0
2026-05-10 11:01:25,29.7,55.9,1855,6.7,0,1,0
2026-05-10 11:01:30,29.9,53.7,1856,6.5,0,1,0
2026-05-10 11:01:35,30.2,54.6,1858,6.6,0,1,0
2026-05-10 11:01:40,29.5,57.3,1859,6.7,0,1,0
2026-05-10 11:01:45,30.0,55.6,1861,6.8,0,1,0
2026-05-10 11:01:50,29.9,55.0,1862,6.5,0,1,0
2026-05-10 11:01:55,30.1,51.8,1862,6.6,0,1,0
2026-05-10 11:02:00,30.3,53.2,1863,6.5,0,1,0
2026-05-10 11:02:05,30.0,55.7,1863,6.6,0,1,0
2026-05-10 11:02:10,30.3,56.1,1865,6.6,0,1,0
2026-05-10 11:02:15,30.1,54.0,1865,6.8,0,1,0
2026-05-10 11:02:20,30.2,60.4,1867,6.6,0,1,0
2026-05-10 11:02:25,29.9,54.6,1868,6.5,0,1,0
2026-05-10 11:02:30,29.7,56.1,1869,6.5,0,1,0
2026-05-10 11:02:35,30.0,56.0,1870,6.8,0,1,0
2026-05-10 11:02:40,29.9,53.5,1871,6.7,0,1,0
2026-05-10 11:02:45,30.2,55.6,1873,6.6,0,1,0
2026-05-10 11:02:50,30.2,54.0,1874,6.5,0,1,0
2026-05-10 11:02:55,30.7,54.5,1875,6.5,0,1,0
2026-05-10 11:03:00,29.6,55.8,1876,6.6,0,1,0
2026-05-10 11:03:05,29.7,51.4,1876,6.6,0,1,0
2026-05-10 11:03:10,30.5,56.1,1877,6.8,0,1,0
2026-05-10 11:03:15,29.7,55.6,1878,6.7,0,1,0
2026-05-10 11:03:20,30.1,54.7,1878,6.7,0,1,0
2026-05-10 11:03:25,29.9,57.4,1880,6.7,0,1,0
2026-05-10 11:03:30,30.0,54.8,1881,6.5,0,1,0
2026-05-10 11:03:35,29.8,52.5,1882,6.6,0,1,0
2026-05-10 11:03:40,29.9,50.8,1883,6.6,0,1,0
2026-05-10 11:03:45,29.7,54.4,1886,6.7,0,1,0
2026-05-10 11:03:50,30.1,52.7,1887,6.6,0,1,0
2026-05-10 11:03:55,30.6,55.1,1889,6.6,0,1,0
2026-05-10 11:04:00,29.9,53.9,1890,6.5,0,1,0
2026-05-10 11:04:05,30.1,56.0,1891,6.7,0,1,0
2026-05-10 11:04:10,30.1,56.0,1893,6.5,0,1,0
2026-05-10 11:04:15,30.3,55.1,1894,6.6,0,1,0
2026-05-10 11:04:20,29.8,54.2,1895,6.5,0,1,0
2026-05-10 11:04:25,29.5,54.4,1897,6.6,0,1,0
2026-05-10 11:04:30,29.6,56.4,1899,6.7,0,1,0
2026-05-10 11:04:35,30.3,56.4,1901,6.6,0,1,0
2026-05-10 11:04:40,30.0,51.2,1902,6.6,0,1,0
2026-05-10 11:04:45,29.6,56.3,1903,6.5,0,1,0
2026-05-10 11:04:50,30.4,56.3,1905,6.6,0,1,0
2026-05-10 11:04:55,30.4,49.9,1905,6.7,0,1,0
2026-05-10 11:05:00,29.7,59.1,1907,6.7,0,1,0
2026-05-10 11:05:05,30.2,55.0,1908,6.4,0,1,0
2026-05-10 11:05:10,30.3,61.9,1910,6.6,0,1,0
2026-05-10 11:05:15,30.1,57.5,1912,6.4,0,1,0
2026-05-10 11:05:20,29.6,57.1,1913,6.5,0,1,0
2026-05-10 11:05:25,29.7,55.6,1914,6.5,0,1,0
2026-05-10 11:05:30,29.5,54.5,1916,6.5,0,1,0
2026-05-10 11:05:35,30.5,55.1,1917,6.8,0,1,0
2026-05-10 11:05:40,29.1,52.7,1918,6.5,0,1,0
2026-05-10 11:05:45,30.0,57.0,1920,6.4,0,1,0
2026-05-10 11:05:50,30.0,53.5,1921,6.2,0,1,0
2026-05-10 11:05:55,29.9,54.6,1922,6.7,0,1,0
2026-05-10 11:06:00,30.3,53.4,1923,6.5,0,1,0
2026-05-10 11:06:05,29.6,56.1,1924,6.7,0,1,0
2026-05-10 11:06:10,30.1,54.9,1924,6.5,0,1,0
2026-05-10 11:06:15,29.6,52.4,1926,6.7,0,1,0
2026-05-10 11:06:20,29.1,54.3,1927,6.4,0,1,0
2026-05-10 11:06:25,29.9,51.1,1929,6.4,0,1,0
2026-05-10 11:06:30,30.1,57.5,1930,6.7,0,1,0
2026-05-10 11:06:35,29.9,58.8,1931,6.5,0,1,0
2026-05-10 11:06:40,30.1,52.9,1932,6.7,0,1,0
2026-05-10 11:06:45,30.0,56.5,1934,6.6,0,1,0
2026-05-10 11:06:50,30.6,52.6,1935,6.3,0,1,0
2026-05-10 11:06:55,30.3,54.5,1937,6.5,0,1,0
2026-05-10 11:07:00,29.2,58.1,1937,6.7,0,1,0
2026-05-10 11:07:05,30.1,54.6,1938,6.7,0,1,0
2026-05-10 11:07:10,30.2,55.4,1940,6.4,0,1,0
2026-05-10 11:07:15,30.0,55.4,1941,6.5,0,1,0
2026-05-10 11:07:20,29.9,58.6,1943,6.4,0,1,0
2026-05-10 11:07:25,30.2,54.5,1944,6.5,0,1,0
2026-05-10 11:07:30,30.4,53.1,1946,6.5,0,1,0
2026-05-10 11:07:35,29.8,54.3,1947,6.6,0,1,0
2026-05-10 11:07:40,30.1,59.5,1948,6.3,0,1,0
2026-05-10 11:07:45,29.8,58.1,1948,6.4,0,1,0
2026-05-10 11:07:50,29.1,57.5,1950,6.5,0,1,0
2026-05-10 11:07:55,29.6,56.1,1950,6.6,0,1,0
2026-05-10 11:08:00,30.5,55.1,1952,6.6,0,1,0
2026-05-10 11:08:05,29.9,53.4,1953,6.7,0,1,0
2026-05-10 11:08:10,29.8,53.7,1955,6.6,0,1,0
2026-05-10 11:08:15,30.2,55.6,1955,6.8,0,1,0
2026-05-10 11:08:20,29.8,57.2,1957,6.6,0,1,0
2026-05-10 11:08:25,30.8,58.3,1958,6.3,0,1,0
2026-05-10 11:08:30,30.1,60.6,1959,6.5,0,1,0
2026-05-10 11:08:35,29.8,53.9,1960,6.7,0,1,0
2026-05-10 11:08:40,30.2,56.5,1962,6.5,0,1,0
2026-05-10 11:08:45,30.1,51.3,1963,6.6,0,1,0
2026-05-10 11:08:50,29.8,55.7,1965,6.7,0,1,0
2026-05-10 11:08:55,29.7,54.3,1965,6.4,0,1,0
2026-05-10 11:09:00,30.0,53.0,1966,6.4,0,1,0
2026-05-10 11:09:05,30.1,54.8,1968,6.6,0,1,0
2026-05-10 11:09:10,30.2,57.5,1969,6.5,0,1,0
2026-05-10 11:09:15,30.2,59.0,1970,6.6,0,1,0
2026-05-10 11:09:20,30.1,51.7,1971,6.7,0,1,0
2026-05-10 11:09:25,30.0,58.5,1974,6.4,0,1,0
2026-05-10 11:09:30,29.4,57.3,1975,6.6,0,1,0
2026-05-10 11:09:35,29.5,55.4,1977,6.4,0,1,0
2026-05-10 11:09:40,29.8,58.4,1978,6.6,0,1,0
2026-05-10 11:09:45,29.1,55.8,1978,6.4,0,1,0
2026-05-10 11:09:50,29.7,52.8,1979,6.5,0,1,0
2026-05-10 11:09:55,29.9,54.0,1980,6.6,0,1,0
2026-05-10 11:10:00,29.9,55.4,1982,6.5,0,1,0
2026-05-10 11:10:05,30.3,59.4,1984,6.5,0,1,0
2026-05-10 11:10:10,30.1,57.2,1985,6.5,0,1,0
2026-05-10 11:10:15,29.9,51.6,1986,6.4,0,1,0
2026-05-10 11:10:20,29.9,53.1,1987,6.5,0,1,0
2026-05-10 11:10:25,29.4,54.3,1987,6.6,0,1,0
2026-05-10 11:10:30,29.8,54.9,1989,6.4,0,1,0
2026-05-10 11:10:35,30.1,54.2,1990,6.5,0,1,0
2026-05-10 11:10:40,29.5,52.0,1991,6.5,0,1,0
2026-05-10 11:10:45,30.5,57.5,1993,6.5,0,1,0
2026-05-10 11:10:50,30.0,52.1,1994,6.5,0,1,0
2026-05-10 11:10:55,30.0,54.4,1995,6.5,0,1,0
2026-05-10 11:11:00,29.9,53.9,1997,6.5,0,1,0
2026-05-10 11:11:05,29.7,54.8,1998,6.5,0,1,0
2026-05-10 11:11:10,29.3,55.5,1999,6.4,0,1,0
2026-05-10 11:11:15,29.7,54.1,2000,6.6,0,1,0
2026-05-10 11:11:20,30.1,56.8,2001,6.6,0,1,0
2026-05-10 11:11:25,29.9,52.6,2002,6.6,0,1,0
2026-05-10 11:11:30,29.7,54.5,2002,6.3,0,1,0
2026-05-10 11:11:35,29.6,58.2,2003,6.5,0,1,0
2026-05-10 11:11:40,29.9,54.8,2004,6.6,0,1,0
2026-05-10 11:11:45,29.9,56.2,2006,6.6,0,1,0
2026-05-10 11:11:50,30.0,58.4,2007,6.6,0,1,0
2026-05-10 11:11:55,29.6,52.1,2008,6.5,0,1,0
2026-05-10 11:12:00,30.3,57.1,2010,6.6,0,1,0
2026-05-10 11:12:05,29.8,54.7,2011,6.4,0,1,0
2026-05-10 11:12:10,29.7,52.5,2014,6.4,0,1,0
2026-05-10 11:12:15,30.2,54.4,2014,6.3,0,1,0
2026-05-10 11:12:20,29.9,56.6,2015,6.6,0,1,0
2026-05-10 11:12:25,29.8,53.5,2016,6.4,0,1,0
2026-05-10 11:12:30,30.3,53.6,2018,6.4,0,1,0
2026-05-10 11:12:35,30.6,56.5,2019,6.4,0,1,0
2026-05-10 11:12:40,30.3,52.1,2021,6.6,0,1,0
2026-05-10 11:12:45,29.9,57.1,2022,6.6,0,1,0
2026-05-10 11:12:50,29.9,56.4,2024,6.8,0,1,0
2026-05-10 11:12:55,30.0,55.2,2024,6.5,0,1,0
2026-05-10 11:13:00,29.7,58.8,2025,6.4,0,1,0
2026-05-10 11:13:05,30.0,55.2,2026,6.4,0,1,0
2026-05-10 11:13:10,30.3,54.2,2027,6.6,0,1,0
2026-05-10 11:13:15,29.6,55.2,2028,6.4,0,1,0
2026-05-10 11:13:20,30.1,53.1,2029,6.5,0,1,0
2026-05-10 11:13:25,29.7,55.8,2030,6.6,0,1,0
2026-05-10 11:13:30,29.6,54.1,2030,6.5,0,1,0
2026-05-10 11:13:35,29.9,54.6,2032,6.6,0,1,0
2026-05-10 11:13:40,29.8,57.9,2033,6.4,0,1,0
2026-05-10 11:13:45,29.3,53.2,2034,6.5,0,1,0
2026-05-10 11:13:50,30.7,54.6,2036,6.4,0,1,0
2026-05-10 11:13:55,30.3,57.5,2037,6.6,0,1,0
2026-05-10 11:14:00,30.1,58.9,2038,6.6,0,1,0
2026-05-10 11:14:05,30.2,54.9,2039,6.5,0,1,0
2026-05-10 11:14:10,29.8,55.5,2040,6.4,0,1,0
2026-05-10 11:14:15,30.4,54.4,2041,6.6,0,1,0
2026-05-10 11:14:20,30.2,56.3,2043,6.4,0,1,0
2026-05-10 11:14:25,29.6,56.1,2044,6.4,0,1,0
2026-05-10 11:14:30,29.9,57.3,2046,6.3,0,1,0
2026-05-10 11:14:35,29.6,55.4,2048,6.7,0,1,0
2026-05-10 11:14:40,29.8,53.8,2050,6.4,0,1,0
2026-05-10 11:14:45,29.4,55.4,2051,6.5,0,1,0
2026-05-10 11:14:50,30.0,53.8,2052,6.6,0,1,0
2026-05-10 11:14:55,29.7,53.3,2053,6.4,0,1,0
2026-05-10 11:15:00,30.1,55.9,2055,6.5,0,1,0
2026-05-10 11:15:05,29.8,55.6,2055,6.4,0,1,0
2026-05-10 11:15:10,30.1,55.3,2058,6.4,0,1,0
2026-05-10 11:15:15,30.2,55.4,2059,6.3,0,1,0
2026-05-10 11:15:20,30.3,58.7,2061,6.4,0,1,0
2026-05-10 11:15:25,30.3,55.2,2062,6.4,0,1,0
2026-05-10 11:15:30,30.0,55.4,2064,6.2,0,1,0
2026-05-10 11:15:35,29.9,53.8,2065,6.6,0,1,0
2026-05-10 11:15:40,29.8,54.7,2066,6.5,0,1,0
2026-05-10 11:15:45,29.5,54.7,2068,6.4,0,1,0
2026-05-10 11:15:50,29.9,52.6,2069,6.6,0,1,0
2026-05-10 11:15:55,30.2,53.7,2069,6.5,0,1,0
2026-05-10 11:16:00,30.4,55.0,2071,6.6,0,1,0
2026-05-10 11:16:05,29.7,56.4,2072,6.4,0,1,0
2026-05-10 11:16:10,30.0,56.6,2073,6.4,0,1,0
2026-05-10 11:16:15,30.2,54.5,2075,6.5,0,1,0
2026-05-10 11:16:20,29.4,54.8,2077,6.5,0,1,0
2026-05-10 11:16:25,30.6,53.9,2078,6.5,0,1,0
2026-05-10 11:16:30,30.0,55.7,2080,6.6,0,1,0
2026-05-10 11:16:35,30.7,54.8,2082,6.6,0,1,0
2026-05-10 11:16:40,30.5,55.0,2083,6.4,0,1,0
2026-05-10 11:16:45,30.4,59.2,2085,6.6,0,1,0
2026-05-10 11:16:50,29.5,55.6,2086,6.5,0,1,0
2026-05-10 11:16:55,30.0,54.5,2088,6.4,0,1,0
2026-05-10 11:17:00,30.1,56.0,2089,6.4,0,1,0
2026-05-10 11:17:05,29.3,53.1,2090,6.4,0,1,0
2026-05-10 11:17:10,29.7,57.3,2092,6.5,0,1,0
2026-05-10 11:17:15,30.1,56.5,2094,6.5,0,1,0
2026-05-10 11:17:20,29.9,55.6,2096,6.5,0,1,0
2026-05-10 11:17:25,30.1,55.9,2097,6.5,0,1,0
2026-05-10 11:17:30,29.5,58.4,2098,6.4,0,1,0
2026-05-10 11:17:35,29.8,54.8,2099,6.5,0,1,0
2026-05-10 11:17:40,29.8,53.0,2101,6.4,0,1,0
2026-05-10 11:17:45,29.5,57.0,2101,6.3,0,1,0
2026-05-10 11:17:50,30.1,52.5,2103,6.4,0,1,0
2026-05-10 11:17:55,29.7,56.3,2104,6.4,0,1,0
2026-05-10 11:18:00,29.5,57.1,2105,6.4,0,1,0
2026-05-10 11:18:05,30.1,53.7,2106,6.4,0,1,0
2026-05-10 11:18:10,29.9,56.5,2107,6.4,0,1,0
2026-05-10 11:18:15,30.5,54.8,2107,6.6,0,1,0
2026-05-10 11:18:20,30.1,55.0,2109,6.4,0,1,0
2026-05-10 11:18:25,29.7,53.8,2109,6.3,0,1,0
2026-05-10 11:18:30,29.7,58.3,2111,6.3,0,1,0
2026-05-10 11:18:35,30.4,53.7,2112,6.5,0,1,0
2026-05-10 11:18:40,30.2,57.4,2113,6.3,0,1,0
2026-05-10 11:18:45,30.0,51.7,2114,6.6,0,1,0
2026-05-10 11:18:50,30.6,60.6,2115,6.5,0,1,0
2026-05-10 11:18:55,29.5,50.5,2115,6.4,0,1,0
2026-05-10 11:19:00,30.2,51.6,2117,6.3,0,1,0
2026-05-10 11:19:05,30.0,53.8,2118,6.4,0,1,0
2026-05-10 11:19:10,30.2,53.4,2119,6.4,0,1,0
2026-05-10 11:19:15,29.8,57.6,2120,6.3,0,1,0
2026-05-10 11:19:20,29.6,57.4,2121,6.3,0,1,0
2026-05-10 11:19:25,29.8,56.4,2123,6.3,0,1,0
2026-05-10 11:19:30,30.4,53.2,2124,6.3,0,1,0
2026-05-10 11:19:35,29.7,56.3,2126,6.5,0,1,0
2026-05-10 11:19:40,29.4,57.6,2127,6.5,0,1,0
2026-05-10 11:19:45,29.0,58.3,2128,6.4,0,1,0
2026-05-10 11:19:50,29.6,49.3,2129,6.4,0,1,0
2026-05-10 11:19:55,30.0,58.9,2130,6.6,0,1,0
2026-05-10 11:20:00,30.1,53.2,2132,6.3,0,1,0
2026-05-10 11:20:05,30.0,56.6,2133,6.4,0,1,0
2026-05-10 11:20:10,30.2,53.1,2134,6.2,0,1,0
2026-05-10 11:20:15,30.4,55.3,2136,6.4,0,1,0
2026-05-10 11:20:20,30.3,56.4,2138,6.5,0,1,0
2026-05-10 11:20:25,30.2,57.4,2140,6.5,0,1,0
2026-05-10 11:20:30,30.0,54.8,2142,6.3,0,1,0
2026-05-10 11:20:35,30.3,56.8,2143,6.3,0,1,0
2026-05-10 11:20:40,30.0,55.5,2145,6.4,0,1,0
2026-05-10 11:20:45,29.9,59.2,2147,6.3,0,1,0
2026-05-10 11:20:50,30.0,57.6,2148,6.6,0,1,0
2026-05-10 11:20:55,30.0,54.6,2149,6.5,0,1,0
2026-05-10 11:21:00,30.2,53.0,2151,6.6,0,1,0
2026-05-10 11:21:05,29.6,53.0,2152,6.3,0,1,0
2026-05-10 11:21:10,29.8,51.0,2153,6.4,0,1,0
2026-05-10 11:21:15,30.6,55.9,2155,6.3,0,1,0
2026-05-10 11:21:20,29.8,58.8,2156,6.4,0,1,0
2026-05-10 11:21:25,30.0,56.1,2157,6.4,0,1,0
2026-05-10 11:21:30,30.2,55.6,2158,6.3,0,1,0
2026-05-10 11:21:35,30.1,60.3,2160,6.2,0,1,0
2026-05-10 11:21:40,30.4,55.0,2162,6.3,0,1,0
2026-05-10 11:21:45,29.3,58.4,2162,6.5,0,1,0
2026-05-10 11:21:50,30.0,52.4,2164,6.3,0,1,0
2026-05-10 11:21:55,30.1,55.3,2165,6.4,0,1,0
2026-05-10 11:22:00,29.8,56.1,2166,6.4,0,1,0
2026-05-10 11:22:05,29.7,52.9,2168,6.3,0,1,0
2026-05-10 11:22:10,30.2,50.3,2168,6.4,0,1,0
2026-05-10 11:22:15,30.1,55.0,2169,6.4,0,1,0
2026-05-10 11:22:20,29.7,56.2,2170,6.4,0,1,0
2026-05-10 11:22:25,30.2,51.0,2172,6.5,0,1,0
2026-05-10 11:22:30,29.7,54.0,2172,6.3,0,1,0
2026-05-10 11:22:35,29.8,60.0,2173,6.3,0,1,0
2026-05-10 11:22:40,30.1,53.3,2174,6.4,0,1,0
2026-05-10 11:22:45,29.9,54.8,2176,6.3,0,1,0
2026-05-10 11:22:50,29.6,54.0,2177,6.3,0,1,0
2026-05-10 11:22:55,29.4,54.8,2179,6.4,0,1,0
2026-05-10 11:23:00,30.1,57.2,2181,6.6,0,1,0
2026-05-10 11:23:05,30.1,55.1,2181,6.5,0,1,0
2026-05-10 11:23:10,30.5,54.3,2183,6.3,0,1,0
2026-05-10 11:23:15,30.2,56.1,2185,6.4,0,1,0
2026-05-10 11:23:20,30.4,55.0,2187,6.4,0,1,0
2026-05-10 11:23:25,30.4,57.1,2188,6.2,0,1,0
2026-05-10 11:23:30,30.4,53.6,2190,6.3,0,1,0
2026-05-10 11:23:35,29.9,50.7,2191,6.2,0,1,0
2026-05-10 11:23:40,30.3,55.8,2192,6.3,0,1,0
2026-05-10 11:23:45,29.8,50.6,2193,6.3,0,1,0
2026-05-10 11:23:50,30.3,59.5,2194,6.4,0,1,0
2026-05-10 11:23:55,29.4,55.6,2195,6.3,0,1,0
2026-05-10 11:24:00,29.8,54.1,2197,6.4,0,1,0
2026-05-10 11:24:05,30.1,55.4,2197,6.3,0,1,0
2026-05-10 11:24:10,30.3,52.2,2198,6.3,0,1,0
2026-05-10 11:24:15,30.0,52.9,2199,6.4,0,1,0
2026-05-10 11:24:20,29.5,56.9,2200,6.4,0,1,1
2026-05-10 11:24:25,29.4,56.4,2167,6.3,0,1,1
2026-05-10 11:24:30,29.9,51.7,2133,6.5,0,1,1
2026-05-10 11:24:35,30.0,51.7,2097,6.3,0,1,1
2026-05-10 11:24:40,30.6,57.4,2053,6.4,0,1,1
2026-05-10 11:24:45,29.8,57.1,2009,6.3,0,1,1
2026-05-10 11:24:50,30.2,51.2,1969,6.4,0,1,1
2026-05-10 11:24:55,30.2,54.4,1931,6.6,0,1,1
2026-05-10 11:25:00,30.1,57.1,1886,6.2,0,1,1
2026-05-10 11:25:05,29.9,50.3,1857,6.4,0,1,1
2026-05-10 11:25:10,30.4,57.0,1815,6.3,0,1,1
2026-05-10 11:25:15,30.1,54.5,1767,6.5,0,1,1
2026-05-10 11:25:20,29.6,55.0,1767,6.3,0,1,0
2026-05-10 11:25:25,30.4,55.7,1769,6.4,0,1,0
2026-05-10 11:25:30,29.6,54.0,1770,6.5,0,1,0
2026-05-10 11:25:35,29.9,57.3,1771,6.2,0,1,0
2026-05-10 11:25:40,29.9,53.5,1773,6.1,0,1,0
2026-05-10 11:25:45,30.2,52.4,1773,6.5,0,1,0
2026-05-10 11:25:50,30.4,55.7,1774,6.4,0,1,0
2026-05-10 11:25:55,30.0,53.8,1774,6.3,0,1,0
2026-05-10 11:26:00,29.7,54.6,1776,6.5,0,1,0
2026-05-10 11:26:05,29.8,56.8,1776,6.4,0,1,0
2026-05-10 11:26:10,30.0,56.0,1778,6.4,0,1,0
2026-05-10 11:26:15,30.1,53.2,1780,6.2,0,1,0
2026-05-10 11:26:20,29.6,54.5,1780,6.4,0,1,0
2026-05-10 11:26:25,30.0,56.4,1782,6.3,0,1,0
2026-05-10 11:26:30,30.2,50.7,1782,6.4,0,1,0
2026-05-10 11:26:35,29.6,58.3,1784,6.3,0,1,0
2026-05-10 11:26:40,30.1,58.0,1785,6.3,0,1,0
2026-05-10 11:26:45,29.5,55.0,1786,6.4,0,1,0
2026-05-10 11:26:50,29.9,54.6,1787,6.3,0,1,0
2026-05-10 11:26:55,30.0,57.0,1788,6.3,0,1,0
2026-05-10 11:27:00,30.3,54.6,1789,6.4,0,1,0
2026-05-10 11:27:05,30.6,50.5,1790,6.2,0,1,0
2026-05-10 11:27:10,30.1,53.9,1792,6.3,0,1,0
2026-05-10 11:27:15,30.2,56.2,1793,6.2,0,1,0
2026-05-10 11:27:20,30.2,57.7,1795,6.5,0,1,0
2026-05-10 11:27:25,29.7,55.7,1796,6.3,0,1,0
2026-05-10 11:27:30,30.0,52.4,1797,6.3,0,1,0
2026-05-10 11:27:35,29.7,54.8,1798,6.5,0,1,0
2026-05-10 11:27:40,30.0,57.7,1799,6.2,0,1,0
2026-05-10 11:27:45,30.1,55.6,1800,6.3,0,1,0
2026-05-10 11:27:50,29.8,56.2,1801,6.2,0,1,0
2026-05-10 11:27:55,29.5,52.9,1802,6.2,0,1,0
2026-05-10 11:28:00,29.5,53.3,1804,6.2,0,1,0
2026-05-10 11:28:05,29.8,52.6,1806,6.6,0,1,0
2026-05-10 11:28:10,30.5,50.5,1807,6.2,0,1,0
2026-05-10 11:28:15,30.2,58.4,1808,6.3,0,1,0
2026-05-10 11:28:20,29.6,53.3,1810,6.1,0,1,0
2026-05-10 11:28:25,29.8,54.8,1811,6.3,0,1,0
2026-05-10 11:28:30,30.4,55.2,1812,6.3,0,1,0
2026-05-10 11:28:35,29.8,52.0,1813,6.3,0,1,0
2026-05-10 11:28:40,29.9,54.8,1815,6.3,0,1,0
2026-05-10 11:28:45,29.8,55.6,1816,6.3,0,1,0
2026-05-10 11:28:50,29.9,50.3,1817,6.3,0,1,0
2026-05-10 11:28:55,30.0,57.9,1818,6.4,0,1,0
2026-05-10 11:29:00,30.1,56.9,1819,6.4,0,1,0
2026-05-10 11:29:05,29.6,54.9,1820,6.4,0,1,0
2026-05-10 11:29:10,29.9,52.7,1821,6.5,0,1,0
2026-05-10 11:29:15,30.0,52.9,1823,6.4,0,1,0
2026-05-10 11:29:20,30.2,57.5,1825,6.3,0,1,0
2026-05-10 11:29:25,30.1,55.2,1826,6.3,0,1,0
2026-05-10 11:29:30,29.9,52.3,1827,6.1,0,1,0
2026-05-10 11:29:35,30.0,52.7,1828,6.5,0,1,0
2026-05-10 11:29:40,29.9,53.2,1829,6.3,0,1,0
2026-05-10 11:29:45,29.8,56.7,1830,6.3,0,1,0
2026-05-10 11:29:50,30.4,59.6,1832,6.3,0,1,0
2026-05-10 11:29:55,29.9,51.4,1834,6.5,0,1,0
2026-05-10 11:30:00,29.8,55.6,1836,6.2,0,1,0
2026-05-10 11:30:05,29.8,55.8,1838,6.2,0,1,0
2026-05-10 11:30:10,29.9,51.4,1839,6.2,0,1,0
2026-05-10 11:30:15,30.0,54.9,1841,6.3,0,1,0
2026-05-10 11:30:20,30.0,54.4,1841,6.3,0,1,0
2026-05-10 11:30:25,30.3,54.9,1843,6.2,0,1,0
2026-05-10 11:30:30,30.0,53.6,1844,6.4,0,1,0
2026-05-10 11:30:35,30.2,56.0,1846,6.4,0,1,0
2026-05-10 11:30:40,30.0,56.5,1846,6.3,0,1,0
2026-05-10 11:30:45,29.8,53.8,1847,6.4,0,1,0
2026-05-10 11:30:50,29.9,56.1,1848,6.3,0,1,0
2026-05-10 11:30:55,30.2,55.1,1850,6.2,0,1,0
2026-05-10 11:31:00,30.0,54.3,1851,6.2,0,1,0
2026-05-10 11:31:05,29.5,54.5,1852,6.3,0,1,0
2026-05-10 11:31:10,29.9,56.3,1853,6.1,0,1,0
2026-05-10 11:31:15,29.9,55.6,1855,6.4,0,1,0
2026-05-10 11:31:20,30.2,54.6,1857,6.1,0,1,0
2026-05-10 11:31:25,30.1,52.5,1857,6.3,0,1,0
2026-05-10 11:31:30,29.9,57.4,1859,6.3,0,1,0
2026-05-10 11:31:35,29.5,57.8,1861,6.2,0,1,0
2026-05-10 11:31:40,30.0,56.4,1862,6.3,0,1,0
2026-05-10 11:31:45,29.6,56.1,1864,6.3,0,1,0
2026-05-10 11:31:50,30.4,52.6,1866,6.2,0,1,0
2026-05-10 11:31:55,29.4,55.2,1869,6.3,0,1,0
2026-05-10 11:32:00,29.5,56.1,1870,6.3,0,1,0
2026-05-10 11:32:05,30.3,52.2,1872,6.3,0,1,0
2026-05-10 11:32:10,29.9,58.1,1874,6.3,0,1,0
2026-05-10 11:32:15,30.1,55.6,1876,6.1,0,1,0
2026-05-10 11:32:20,29.4,56.1,1878,6.3,0,1,0
2026-05-10 11:32:25,30.5,57.5,1878,6.3,0,1,0
2026-05-10 11:32:30,29.7,53.3,1880,6.1,0,1,0
2026-05-10 11:32:35,29.6,52.3,1881,6.4,0,1,0
2026-05-10 11:32:40,30.2,56.8,1883,6.2,0,1,0
2026-05-10 11:32:45,29.8,55.6,1884,6.2,0,1,0
2026-05-10 11:32:50,30.2,51.7,1886,6.2,0,1,0
2026-05-10 11:32:55,30.2,57.8,1888,6.2,0,1,0
2026-05-10 11:33:00,29.8,56.1,1889,6.3,0,1,0
2026-05-10 11:33:05,30.5,54.5,1891,6.1,0,1,0
2026-05-10 11:33:10,30.0,56.6,1892,6.3,0,1,0
2026-05-10 11:33:15,30.2,55.7,1894,6.3,0,1,0
2026-05-10 11:33:20,30.1,52.8,1896,6.4,0,1,0
2026-05-10 11:33:25,29.9,51.7,1897,6.2,0,1,0
2026-05-10 11:33:30,30.2,56.1,1899,6.1,0,1,0
2026-05-10 11:33:35,30.2,52.3,1900,6.1,0,1,0
2026-05-10 11:33:40,29.8,54.8,1903,6.3,0,1,0
2026-05-10 11:33:45,30.2,53.8,1905,6.2,0,1,0
2026-05-10 11:33:50,30.2,52.6,1905,6.4,0,1,0
2026-05-10 11:33:55,30.2,55.8,1907,6.3,0,1,0
2026-05-10 11:34:00,29.5,53.8,1908,6.3,0,1,0
2026-05-10 11:34:05,29.9,53.8,1909,6.2,0,1,0
2026-05-10 11:34:10,30.1,52.9,1910,6.3,0,1,0
2026-05-10 11:34:15,29.6,55.2,1912,6.4,0,1,0
2026-05-10 11:34:20,30.7,56.3,1914,6.3,0,1,0
2026-05-10 11:34:25,30.0,48.9,1915,6.2,0,1,0
2026-05-10 11:34:30,30.0,54.3,1916,6.2,0,1,0
2026-05-10 11:34:35,30.6,56.9,1917,6.2,0,1,0
2026-05-10 11:34:40,29.5,58.0,1917,6.0,0,1,0
2026-05-10 11:34:45,29.7,57.3,1918,6.2,0,1,0
2026-05-10 11:34:50,30.3,57.5,1920,6.2,0,1,0
2026-05-10 11:34:55,29.6,57.2,1921,6.1,0,1,0
2026-05-10 11:35:00,29.7,53.3,1921,6.2,0,1,0
2026-05-10 11:35:05,29.6,53.4,1923,6.1,0,1,0
2026-05-10 11:35:10,30.3,57.0,1924,6.0,0,1,0
2026-05-10 11:35:15,29.9,55.4,1926,6.2,0,1,0
2026-05-10 11:35:20,29.6,57.6,1928,6.2,0,1,0
2026-05-10 11:35:25,30.3,50.8,1929,6.1,0,1,0
2026-05-10 11:35:30,30.6,56.1,1930,6.2,0,1,0
2026-05-10 11:35:35,29.6,55.3,1931,6.2,0,1,0
2026-05-10 11:35:40,29.6,54.8,1932,6.2,0,1,0
2026-05-10 11:35:45,30.4,56.9,1933,6.2,0,1,0
2026-05-10 11:35:50,29.9,56.7,1935,6.1,0,1,0
2026-05-10 11:35:55,30.0,52.8,1935,6.2,0,1,0
2026-05-10 11:36:00,30.0,55.4,1936,6.3,0,1,0
2026-05-10 11:36:05,29.9,51.8,1938,6.3,0,1,0
2026-05-10 11:36:10,30.1,58.7,1940,6.0,0,1,0
2026-05-10 11:36:15,30.1,53.7,1942,6.2,0,1,0
2026-05-10 11:36:20,30.1,54.0,1943,6.3,0,1,0
2026-05-10 11:36:25,30.2,54.7,1943,6.3,0,1,0
2026-05-10 11:36:30,30.0,52.2,1945,6.4,0,1,0
2026-05-10 11:36:35,29.9,57.3,1947,6.2,0,1,0
2026-05-10 11:36:40,29.9,50.5,1949,6.2,0,1,0
2026-05-10 11:36:45,29.4,52.9,1950,6.0,0,1,0
2026-05-10 11:36:50,29.6,55.0,1950,6.2,0,1,0
2026-05-10 11:36:55,30.2,56.0,1951,6.4,0,1,0
2026-05-10 11:37:00,30.0,57.5,1952,6.1,0,1,0
2026-05-10 11:37:05,30.0,54.2,1953,6.2,0,1,0
2026-05-10 11:37:10,30.2,55.5,1954,6.2,0,1,0
2026-05-10 11:37:15,29.5,57.7,1955,6.3,0,1,0
2026-05-10 11:37:20,30.5,54.3,1958,6.1,0,1,0
2026-05-10 11:37:25,29.6,58.1,1959,6.1,0,1,0
2026-05-10 11:37:30,30.1,56.5,1961,6.1,0,1,0
2026-05-10 11:37:35,30.2,54.7,1962,6.1,0,1,0
2026-05-10 11:37:40,30.3,57.5,1962,6.2,0,1,0
2026-05-10 11:37:45,30.3,56.9,1964,6.3,0,1,0
2026-05-10 11:37:50,29.3,53.0,1965,6.1,0,1,0
2026-05-10 11:37:55,30.1,55.5,1967,6.2,0,1,0
2026-05-10 11:38:00,30.2,58.8,1969,6.3,0,1,0
2026-05-10 11:38:05,29.9,53.6,1969,6.4,0,1,0
2026-05-10 11:38:10,30.4,56.8,1971,6.3,0,1,0
2026-05-10 11:38:15,29.7,58.1,1972,5.9,0,1,0
2026-05-10 11:38:20,30.0,53.4,1974,6.2,0,1,0
2026-05-10 11:38:25,29.9,51.0,1975,6.3,0,1,0
2026-05-10 11:38:30,30.2,55.4,1977,6.2,0,1,0
2026-05-10 11:38:35,29.9,56.2,1978,6.1,0,1,0
2026-05-10 11:38:40,30.4,50.3,1980,6.1,0,1,0
2026-05-10 11:38:45,30.0,57.1,1981,6.2,0,1,0
2026-05-10 11:38:50,30.3,55.3,1982,6.2,0,1,0
2026-05-10 11:38:55,29.6,55.7,1983,6.0,0,1,0
2026-05-10 11:39:00,29.5,57.6,1985,6.1,0,1,0
2026-05-10 11:39:05,29.3,54.3,1986,6.3,0,1,0
2026-05-10 11:39:10,29.5,52.6,1987,6.1,0,1,0
2026-05-10 11:39:15,29.8,55.8,1989,6.1,0,1,0
2026-05-10 11:39:20,29.8,53.1,1989,6.2,0,1,0
2026-05-10 11:39:25,30.1,53.0,1990,6.1,0,1,0
2026-05-10 11:39:30,30.2,53.4,1992,6.2,0,1,0
2026-05-10 11:39:35,29.8,53.8,1994,6.0,0,1,0
2026-05-10 11:39:40,30.0,56.2,1995,6.2,0,1,0
2026-05-10 11:39:45,29.7,56.7,1996,6.2,0,1,0
2026-05-10 11:39:50,30.1,54.0,1998,6.3,0,1,0
2026-05-10 11:39:55,30.1,56.2,1999,6.1,0,1,0
2026-05-10 11:40:00,29.9,54.0,2001,6.0,0,1,0
2026-05-10 11:40:05,29.8,57.6,2002,6.3,0,1,0
2026-05-10 11:40:10,29.5,54.2,2003,6.2,0,1,0
2026-05-10 11:40:15,29.8,57.0,2005,6.4,0,1,0
2026-05-10 11:40:20,29.8,54.7,2006,6.2,0,1,0
2026-05-10 11:40:25,30.3,55.1,2007,6.2,0,1,0
2026-05-10 11:40:30,29.8,57.0,2008,6.0,0,1,0
2026-05-10 11:40:35,29.5,53.1,2010,6.1,0,1,0
2026-05-10 11:40:40,30.3,53.1,2011,6.2,0,1,0
2026-05-10 11:40:45,29.9,52.5,2012,6.2,0,1,0
2026-05-10 11:40:50,29.6,52.0,2014,6.3,0,1,0
2026-05-10 11:40:55,29.7,54.1,2015,6.3,0,1,0
2026-05-10 11:41:00,29.7,54.2,2016,6.2,0,1,0
2026-05-10 11:41:05,29.9,55.7,2017,6.2,0,1,0
2026-05-10 11:41:10,30.2,56.9,2019,6.3,0,1,0
2026-05-10 11:41:15,30.2,54.6,2020,6.0,0,1,0
2026-05-10 11:41:20,30.0,51.7,2022,6.0,0,1,0
2026-05-10 11:41:25,30.2,56.6,2023,6.0,0,1,0
2026-05-10 11:41:30,30.0,55.6,2025,6.2,0,1,0
2026-05-10 11:41:35,29.4,59.5,2026,6.1,0,1,0
2026-05-10 11:41:40,30.1,54.1,2028,6.1,0,1,0
2026-05-10 11:41:45,29.8,56.5,2029,6.2,0,1,0
2026-05-10 11:41:50,29.4,55.4,2030,6.1,0,1,0
2026-05-10 11:41:55,30.4,54.0,2032,6.1,0,1,0
2026-05-10 11:42:00,29.8,57.6,2034,6.2,0,1,0
2026-05-10 11:42:05,29.9,54.3,2035,6.0,0,1,0
2026-05-10 11:42:10,30.6,55.2,2036,6.2,0,1,0
2026-05-10 11:42:15,29.6,53.8,2037,6.0,0,1,0
2026-05-10 11:42:20,30.3,58.4,2038,6.2,0,1,0
2026-05-10 11:42:25,29.9,55.8,2039,6.1,0,1,0
2026-05-10 11:42:30,30.0,53.3,2041,6.2,0,1,0
2026-05-10 11:42:35,29.2,54.8,2043,6.1,0,1,0
2026-05-10 11:42:40,29.9,61.1,2044,6.0,0,1,0
2026-05-10 11:42:45,29.9,53.2,2046,6.1,0,1,0
2026-05-10 11:42:50,29.6,57.0,2047,6.0,0,1,0
2026-05-10 11:42:55,29.9,53.9,2048,6.0,0,1,0
2026-05-10 11:43:00,30.0,56.8,2049,6.1,0,1,0
2026-05-10 11:43:05,30.5,56.3,2051,6.1,0,1,0
2026-05-10 11:43:10,29.7,52.1,2052,6.2,0,1,0
2026-05-10 11:43:15,29.8,56.6,2054,6.1,0,1,0
2026-05-10 11:43:20,30.4,53.5,2056,6.2,0,1,0
2026-05-10 11:43:25,30.2,51.8,2058,6.2,0,1,0
2026-05-10 11:43:30,29.7,50.5,2059,6.1,0,1,0
2026-05-10 11:43:35,29.8,56.9,2060,6.1,0,1,0
2026-05-10 11:43:40,30.5,55.3,2062,6.1,0,1,0
2026-05-10 11:43:45,30.4,56.8,2063,6.1,0,1,0
2026-05-10 11:43:50,30.6,54.5,2065,5.9,0,1,0
2026-05-10 11:43:55,29.9,54.7,2066,6.0,0,1,0
2026-05-10 11:44:00,30.8,52.6,2067,6.2,0,1,0
2026-05-10 11:44:05,30.5,54.1,2068,6.2,0,1,0
2026-05-10 11:44:10,30.2,52.4,2069,6.1,0,1,0
2026-05-10 11:44:15,30.3,50.0,2069,6.1,0,1,0
2026-05-10 11:44:20,29.9,55.7,2070,6.1,0,1,0
2026-05-10 11:44:25,29.9,50.9,2072,6.1,0,1,0
2026-05-10 11:44:30,30.1,54.1,2074,6.0,0,1,0
2026-05-10 11:44:35,30.1,54.3,2076,6.0,0,1,0
2026-05-10 11:44:40,30.3,57.3,2078,5.9,0,1,0
2026-05-10 11:44:45,30.3,56.8,2079,6.2,0,1,0
2026-05-10 11:44:50,30.3,54.5,2081,6.1,0,1,0
2026-05-10 11:44:55,29.5,58.3,2083,6.0,0,1,0
2026-05-10 11:45:00,29.6,55.8,2083,5.9,0,1,0
2026-05-10 11:45:05,29.7,55.9,2084,6.0,0,1,0
2026-05-10 11:45:10,29.7,57.8,2085,6.1,0,1,0
2026-05-10 11:45:15,29.9,55.8,2087,6.2,0,1,0
2026-05-10 11:45:20,30.0,55.0,2087,6.1,0,1,0
2026-05-10 11:45:25,30.4,53.7,2089,6.1,0,1,0
2026-05-10 11:45:30,30.5,52.6,2090,6.1,0,1,0
2026-05-10 11:45:35,30.3,54.4,2091,6.0,0,1,0
2026-05-10 11:45:40,30.2,52.2,2091,6.3,0,1,0
2026-05-10 11:45:45,30.2,58.5,2092,5.9,0,1,0
2026-05-10 11:45:50,30.0,56.1,2094,6.1,0,1,0
2026-05-10 11:45:55,30.4,60.0,2095,6.1,0,1,0
2026-05-10 11:46:00,30.1,56.8,2096,6.2,0,1,0
2026-05-10 11:46:05,29.6,54.6,2097,6.1,0,1,0
2026-05-10 11:46:10,30.0,55.2,2098,6.0,0,1,0
2026-05-10 11:46:15,30.9,56.4,2100,6.2,0,1,0
2026-05-10 11:46:20,29.8,54.7,2102,6.2,0,1,0
2026-05-10 11:46:25,30.1,54.5,2104,6.2,0,1,0
2026-05-10 11:46:30,30.3,55.4,2105,6.0,0,1,0
2026-05-10 11:46:35,30.3,53.4,2107,6.0,0,1,0
2026-05-10 11:46:40,30.0,55.4,2108,5.9,0,1,0
2026-05-10 11:46:45,29.4,54.3,2108,6.0,0,1,0
2026-05-10 11:46:50,29.8,53.7,2110,6.2,0,1,0
2026-05-10 11:46:55,29.9,53.6,2112,6.2,0,1,0
2026-05-10 11:47:00,30.0,55.8,2113,6.2,0,1,0
2026-05-10 11:47:05,29.5,52.9,2114,5.9,0,1,0
2026-05-10 11:47:10,30.3,52.8,2115,6.2,0,1,0
2026-05-10 11:47:15,29.3,52.1,2116,6.3,0,1,0
2026-05-10 11:47:20,29.8,53.6,2117,6.0,0,1,0
2026-05-10 11:47:25,30.6,55.3,2118,5.9,0,1,0
2026-05-10 11:47:30,29.8,52.4,2121,6.1,0,1,0
2026-05-10 11:47:35,30.2,54.6,2122,6.0,0,1,0
2026-05-10 11:47:40,29.6,52.5,2123,6.0,0,1,0
2026-05-10 11:47:45,29.9,56.0,2125,6.2,0,1,0
2026-05-10 11:47:50,29.5,54.9,2126,6.2,0,1,0
2026-05-10 11:47:55,30.4,52.4,2128,6.1,0,1,0
2026-05-10 11:48:00,30.1,53.9,2131,6.0,0,1,0
2026-05-10 11:48:05,30.2,53.5,2132,6.0,0,1,0
2026-05-10 11:48:10,30.5,54.5,2134,6.2,0,1,0
2026-05-10 11:48:15,30.0,54.1,2134,6.2,0,1,0
2026-05-10 11:48:20,29.9,54.4,2135,6.1,0,1,0
2026-05-10 11:48:25,30.2,55.0,2137,6.0,0,1,0
2026-05-10 11:48:30,30.4,56.4,2138,6.0,0,1,0
2026-05-10 11:48:35,29.7,56.1,2138,6.0,0,1,0
2026-05-10 11:48:40,29.3,54.6,2139,6.1,0,1,0
2026-05-10 11:48:45,29.9,54.0,2141,6.1,0,1,0
2026-05-10 11:48:50,30.3,54.9,2142,6.2,0,1,0
2026-05-10 11:48:55,30.1,56.5,2143,6.1,0,1,0
2026-05-10 11:49:00,30.0,57.1,2145,6.0,0,1,0
2026-05-10 11:49:05,29.9,55.8,2146,6.2,0,1,0
2026-05-10 11:49:10,29.5,56.9,2148,6.1,0,1,0
2026-05-10 11:49:15,30.1,56.2,2149,5.9,0,1,0
2026-05-10 11:49:20,30.0,55.5,2150,6.1,0,1,0
2026-05-10 11:49:25,30.0,54.0,2152,6.0,0,1,0
2026-05-10 11:49:30,29.7,51.9,2153,5.9,0,1,0
2026-05-10 11:49:35,29.7,54.1,2154,6.0,0,1,0
2026-05-10 11:49:40,30.2,54.8,2155,6.0,0,1,0
2026-05-10 11:49:45,29.8,52.7,2157,6.0,0,1,0
2026-05-10 11:49:50,29.9,54.9,2158,6.0,0,1,0
2026-05-10 11:49:55,30.0,53.9,2160,6.1,0,1,0
2026-05-10 11:50:00,30.1,59.4,2161,5.9,0,1,0
2026-05-10 11:50:05,29.8,53.2,2163,6.0,0,1,0
2026-05-10 11:50:10,30.1,50.9,2164,6.0,0,1,0
2026-05-10 11:50:15,29.9,54.9,2165,6.1,0,1,0
2026-05-10 11:50:20,30.1,51.9,2166,6.2,0,1,0
2026-05-10 11:50:25,30.0,55.6,2168,6.0,0,1,0
2026-05-10 11:50:30,29.9,57.2,2169,5.9,0,1,0
2026-05-10 11:50:35,30.3,54.6,2170,5.9,0,1,0
2026-05-10 11:50:40,29.8,57.5,2171,6.0,0,1,0
2026-05-10 11:50:45,30.0,56.3,2174,6.1,0,1,0
2026-05-10 11:50:50,29.6,57.0,2175,6.0,0,1,0
2026-05-10 11:50:55,30.0,52.7,2176,5.9,0,1,0
2026-05-10 11:51:00,30.0,57.0,2178,5.9,0,1,0
2026-05-10 11:51:05,30.4,54.2,2179,6.0,0,1,0
2026-05-10 11:51:10,29.9,54.4,2179,6.0,0,1,0
2026-05-10 11:51:15,30.0,54.6,2181,5.9,0,1,0
2026-05-10 11:51:20,30.1,54.4,2182,5.9,0,1,0
2026-05-10 11:51:25,29.8,55.6,2183,5.8,0,1,0
2026-05-10 11:51:30,30.2,53.2,2184,6.0,0,1,0
2026-05-10 11:51:35,29.6,55.9,2185,6.2,0,1,0
2026-05-10 11:51:40,29.9,55.9,2187,6.2,0,1,0
2026-05-10 11:51:45,29.7,54.4,2190,6.2,0,1,0
2026-05-10 11:51:50,29.9,57.1,2190,6.0,0,1,0
2026-05-10 11:51:55,29.7,55.1,2192,5.8,0,1,0
2026-05-10 11:52:00,30.1,59.9,2193,6.0,0,1,0
2026-05-10 11:52:05,29.9,51.8,2194,6.0,0,1,0
2026-05-10 11:52:10,30.2,56.4,2196,6.1,0,1,0
2026-05-10 11:52:15,29.8,56.6,2196,6.0,0,1,0
2026-05-10 11:52:20,30.3,57.1,2197,5.9,0,1,0
2026-05-10 11:52:25,29.3,50.1,2198,6.0,0,1,0
2026-05-10 11:52:30,29.8,54.6,2199,6.0,0,1,0
2026-05-10 11:52:35,30.1,56.8,2200,6.0,0,1,1
2026-05-10 11:52:40,29.9,53.6,2167,6.1,0,1,1
2026-05-10 11:52:45,29.7,54.5,2135,5.9,0,1,1
2026-05-10 11:52:50,29.9,52.2,2093,6.0,0,1,1
2026-05-10 11:52:55,29.8,54.2,2059,5.8,0,1,1
2026-05-10 11:53:00,30.0,56.2,2019,6.0,0,1,1
2026-05-10 11:53:05,29.5,54.4,1986,6.1,0,1,1
2026-05-10 11:53:10,30.0,56.2,1947,6.0,0,1,1
2026-05-10 11:53:15,30.2,55.3,1912,6.0,0,1,1
2026-05-10 11:53:20,30.0,55.5,1875,5.9,0,1,1
2026-05-10 11:53:25,30.0,54.1,1834,5.9,0,1,1
2026-05-10 11:53:30,30.0,53.8,1798,6.0,0,1,1
2026-05-10 11:53:35,30.0,55.2,1799,6.0,0,1,0
2026-05-10 11:53:40,30.1,55.9,1801,5.9,0,1,0
2026-05-10 11:53:45,30.6,53.6,1803,6.0,0,1,0
2026-05-10 11:53:50,29.8,56.8,1804,6.0,0,1,0
2026-05-10 11:53:55,29.7,54.4,1804,5.9,0,1,0
2026-05-10 11:54:00,30.2,55.4,1805,6.0,0,1,0
2026-05-10 11:54:05,29.4,53.2,1808,5.9,0,1,0
2026-05-10 11:54:10,30.1,56.3,1809,6.0,0,1,0
2026-05-10 11:54:15,29.5,57.7,1810,6.0,0,1,0
2026-05-10 11:54:20,29.9,55.8,1811,5.9,0,1,0
2026-05-10 11:54:25,29.9,53.8,1812,5.9,0,1,0
2026-05-10 11:54:30,29.9,49.0,1813,5.9,0,1,0
2026-05-10 11:54:35,30.1,57.3,1814,5.7,0,1,0
2026-05-10 11:54:40,29.7,55.6,1816,5.9,0,1,0
2026-05-10 11:54:45,30.0,53.0,1818,6.0,0,1,0
2026-05-10 11:54:50,29.6,57.2,1819,5.9,0,1,0
2026-05-10 11:54:55,29.6,56.4,1821,5.9,0,1,0
2026-05-10 11:55:00,30.2,55.5,1822,5.9,0,1,0
2026-05-10 11:55:05,29.6,52.4,1823,5.9,0,1,0
2026-05-10 11:55:10,29.9,55.8,1825,5.8,0,1,0
2026-05-10 11:55:15,30.3,54.3,1827,6.0,0,1,0
2026-05-10 11:55:20,30.2,55.0,1827,6.1,0,1,0
2026-05-10 11:55:25,29.9,59.1,1827,5.9,0,1,0
2026-05-10 11:55:30,30.0,58.8,1829,5.9,0,1,0
2026-05-10 11:55:35,30.0,56.4,1830,5.7,0,1,0
2026-05-10 11:55:40,30.0,59.1,1831,6.0,0,1,0
2026-05-10 11:55:45,29.8,51.8,1832,5.8,0,1,0
2026-05-10 11:55:50,30.0,54.6,1833,5.9,0,1,0
2026-05-10 11:55:55,30.2,55.7,1834,6.0,0,1,0
2026-05-10 11:56:00,30.4,56.6,1836,6.0,0,1,0
2026-05-10 11:56:05,29.9,54.2,1837,6.0,0,1,0
2026-05-10 11:56:10,29.9,56.3,1838,6.0,0,1,0
2026-05-10 11:56:15,30.2,55.9,1839,5.9,0,1,0
2026-05-10 11:56:20,29.9,55.9,1840,5.9,0,1,0
2026-05-10 11:56:25,30.7,56.4,1841,6.0,0,1,0
2026-05-10 11:56:30,30.0,55.0,1842,5.9,0,1,0
2026-05-10 11:56:35,30.0,56.5,1843,6.0,0,1,0
2026-05-10 11:56:40,29.7,58.4,1845,6.0,0,1,0
2026-05-10 11:56:45,30.5,58.8,1845,5.9,0,1,0
2026-05-10 11:56:50,29.3,52.3,1846,5.8,0,1,0
2026-05-10 11:56:55,30.0,56.4,1847,5.9,0,1,0
2026-05-10 11:57:00,30.0,55.1,1848,6.0,0,1,0
2026-05-10 11:57:05,29.9,55.5,1850,6.0,0,1,0
2026-05-10 11:57:10,30.1,51.8,1851,6.1,0,1,0
2026-05-10 11:57:15,29.6,56.2,1852,5.9,0,1,0
2026-05-10 11:57:20,29.8,48.3,1853,5.8,0,1,0
2026-05-10 11:57:25,30.4,55.3,1854,6.1,0,1,0
2026-05-10 11:57:30,29.8,57.2,1855,5.9,0,1,0
2026-05-10 11:57:35,29.7,52.9,1857,5.9,0,1,0
2026-05-10 11:57:40,29.7,54.2,1858,6.1,0,1,0
2026-05-10 11:57:45,30.4,54.4,1860,6.1,0,1,0
2026-05-10 11:57:50,30.1,53.8,1861,5.8,0,1,0
2026-05-10 11:57:55,29.8,59.0,1862,5.8,0,1,0
2026-05-10 11:58:00,29.9,53.4,1862,5.9,0,1,0
2026-05-10 11:58:05,30.1,55.4,1863,5.9,0,1,0
2026-05-10 11:58:10,29.6,53.2,1864,6.0,0,1,0
2026-05-10 11:58:15,29.9,56.2,1866,5.9,0,1,0
2026-05-10 11:58:20,30.1,59.0,1868,6.0,0,1,0
2026-05-10 11:58:25,29.3,55.9,1869,5.8,0,1,0
2026-05-10 11:58:30,30.3,53.4,1871,5.9,0,1,0
2026-05-10 11:58:35,30.2,54.5,1872,6.0,0,1,0
2026-05-10 11:58:40,30.0,57.3,1873,6.2,0,1,0
2026-05-10 11:58:45,29.6,55.0,1875,5.9,0,1,0
2026-05-10 11:58:50,30.1,57.8,1876,6.0,0,1,0
2026-05-10 11:58:55,30.0,55.2,1878,6.0,0,1,0
2026-05-10 11:59:00,30.0,53.4,1880,5.9,0,1,0
2026-05-10 11:59:05,30.6,54.6,1881,5.9,0,1,0
2026-05-10 11:59:10,30.1,56.0,1882,6.0,0,1,0
2026-05-10 11:59:15,29.7,58.0,1883,5.7,0,1,0
2026-05-10 11:59:20,30.0,55.0,1884,5.9,0,1,0
2026-05-10 11:59:25,30.5,53.7,1886,5.8,0,1,0
2026-05-10 11:59:30,30.4,54.5,1888,6.1,0,1,0
2026-05-10 11:59:35,30.1,54.3,1889,5.8,0,1,0
2026-05-10 11:59:40,30.1,52.0,1891,5.9,0,1,0
2026-05-10 11:59:45,29.7,53.0,1892,5.9,0,1,0
2026-05-10 11:59:50,29.7,54.4,1893,6.0,0,1,0
2026-05-10 11:59:55,29.7,51.2,1894,5.8,0,1,0
