timestamp,temperature,humidity,soil_moisture,battery_voltage,mode,mist_status,pump_status,temperature_threshold,humidity_threshold,soil_threshold
2026-05-08 18:20:48,27.0,20.0,3024,6.5,0,1,0,21.0,40.0,2416
2026-05-08 18:20:54,27.0,20.0,2483,5.8,0,1,0,21.0,40.0,2416
2026-05-08 18:20:59,27.0,20.0,2552,6.4,0,1,0,21.0,40.0,2416
2026-05-08 18:21:05,27.0,22.0,2091,6.2,0,1,0,21.0,40.0,2416
2026-05-08 18:21:10,27.0,22.0,3008,6.6,0,1,0,21.0,40.0,2416
2026-05-08 18:21:15,27.0,23.0,1787,5.9,0,1,0,21.0,40.0,2416
2026-05-08 18:21:21,27.0,23.0,1463,6.3,0,1,0,21.0,40.0,2416
2026-05-08 18:21:26,26.0,28.0,2792,6.2,0,1,0,21.0,40.0,2416
2026-05-08 18:21:32,26.0,28.0,2617,6.2,0,1,0,21.0,40.0,2416
2026-05-08 18:21:37,26.0,29.0,1987,6.0,0,1,0,21.0,40.0,2416
2026-05-08 18:21:42,26.0,29.0,1631,5.9,0,1,0,21.0,40.0,2416
2026-05-08 18:21:48,26.0,29.0,1523,5.9,0,1,0,21.0,40.0,2416
2026-05-08 18:21:53,26.0,29.0,2351,6.0,0,1,0,21.0,40.0,2416
2026-05-08 18:21:58,26.0,29.0,2935,5.8,0,1,0,21.0,40.0,2416
2026-05-08 18:22:04,26.0,29.0,1431,6.3,0,1,0,21.0,40.0,2416
2026-05-08 18:22:09,26.0,29.0,3026,6.3,0,1,0,21.0,40.0,2416
2026-05-08 18:22:15,26.0,30.0,3033,6.4,0,1,0,21.0,40.0,2416
2026-05-08 18:22:20,26.0,30.0,1905,5.8,0,1,0,21.0,40.0,2416
2026-05-08 18:22:25,26.0,30.0,2892,5.7,0,1,0,21.0,40.0,2416
2026-05-08 18:22:31,26.0,30.0,1559,5.6,0,1,0,21.0,40.0,2416
2026-05-08 18:22:36,26.0,30.0,2720,5.6,0,1,0,21.0,40.0,2416
2026-05-08 18:22:42,26.0,30.0,2009,5.5,0,1,0,21.0,40.0,2416
2026-05-08 18:22:47,26.0,31.0,2584,5.4,0,1,0,21.0,40.0,2416
2026-05-08 18:22:52,26.0,31.0,2336,5.5,0,1,0,21.0,40.0,2416
2026-05-08 18:22:58,26.0,31.0,1443,5.5,0,1,0,21.0,40.0,2416
2026-05-08 18:23:03,26.0,31.0,1631,5.5,0,1,0,21.0,40.0,2416
2026-05-08 18:23:09,26.0,31.0,1579,5.5,0,1,0,21.0,40.0,2416
2026-05-08 18:24:41,26.0,34.0,1286,6.3,0,1,0,21.0,40.0,2416
2026-05-08 18:24:46,26.0,34.0,2744,6.3,0,1,0,21.0,40.0,2416
2026-05-08 18:24:52,26.0,34.0,1926,6.2,0,1,0,21.0,40.0,2416
2026-05-08 18:24:57,26.0,34.0,1951,6.2,0,1,0,21.0,40.0,2416
2026-05-08 18:25:03,26.0,34.0,1599,6.3,0,1,0,21.0,40.0,2416
2026-05-08 18:25:08,26.0,34.0,1098,6.5,0,1,0,21.0,40.0,2416
2026-05-08 18:25:13,25.0,35.0,2816,6.6,0,1,0,21.0,40.0,2416
2026-05-08 18:25:19,25.0,35.0,1319,6.6,0,1,0,21.0,40.0,2416
2026-05-08 18:25:24,26.0,35.0,2870,6.6,0,1,0,21.0,40.0,2416
2026-05-08 18:25:29,25.0,35.0,2786,6.7,0,1,0,21.0,40.0,2416
2026-05-08 18:25:35,26.0,35.0,2368,6.6,0,1,0,21.0,40.0,2416
2026-05-08 18:25:40,25.0,36.0,1354,6.6,0,1,0,21.0,40.0,2416
2026-05-08 18:25:46,26.0,36.0,1331,6.7,0,1,0,21.0,40.0,2416
2026-05-08 18:25:51,26.0,36.0,1803,6.6,0,1,0,21.0,40.0,2416
2026-05-08 18:25:56,25.0,36.0,2272,6.7,0,1,0,21.0,40.0,2416
2026-05-08 18:26:02,25.0,36.0,2555,6.6,0,1,0,21.0,40.0,2416
2026-05-08 18:26:07,25.0,37.0,1407,6.6,0,1,0,21.0,40.0,2416
2026-05-08 18:26:13,25.0,36.0,1215,6.6,0,1,0,21.0,40.0,2416
2026-05-08 18:26:18,25.0,37.0,1983,6.6,0,1,0,21.0,40.0,2416
2026-05-08 18:26:23,25.0,37.0,1008,6.6,0,1,0,21.0,40.0,2416
2026-05-08 18:26:29,25.0,37.0,2280,6.6,0,1,0,21.0,40.0,2416
2026-05-08 18:26:34,25.0,37.0,2652,6.4,0,1,0,21.0,40.0,2416
2026-05-08 18:26:40,25.0,37.0,1695,6.5,0,1,0,21.0,40.0,2416
2026-05-08 18:26:45,25.0,37.0,2559,6.5,0,1,0,21.0,40.0,2416
2026-05-08 18:26:50,25.0,38.0,900,6.5,0,1,0,21.0,40.0,2416
2026-05-08 18:26:56,25.0,38.0,976,6.5,0,1,0,21.0,40.0,2416
2026-05-08 18:27:01,25.0,38.0,1171,6.5,0,1,0,21.0,40.0,2416
2026-05-08 18:27:06,25.0,38.0,1223,6.5,0,1,0,21.0,40.0,2416
2026-05-08 18:27:12,25.0,38.0,2079,6.5,0,1,0,21.0,40.0,2416
2026-05-08 18:27:17,25.0,39.0,2027,6.5,0,1,0,21.0,40.0,2416
2026-05-08 18:27:23,25.0,39.0,1463,6.5,0,1,0,21.0,40.0,2416
2026-05-08 18:27:28,25.0,39.0,1127,6.5,0,1,0,21.0,40.0,2416
2026-05-08 18:27:33,25.0,39.0,1079,6.5,0,1,0,21.0,40.0,2416
2026-05-08 18:27:39,25.0,39.0,1083,6.5,0,1,0,21.0,40.0,2416
2026-05-08 18:27:44,25.0,39.0,2240,6.5,0,1,0,21.0,40.0,2416
2026-05-08 18:27:50,25.0,39.0,2400,6.5,0,1,0,21.0,40.0,2416
2026-05-08 18:27:55,25.0,39.0,2318,6.5,0,1,0,21.0,40.0,2416
2026-05-08 18:28:00,25.0,39.0,851,6.5,0,1,0,21.0,40.0,2416
2026-05-08 18:28:06,25.0,39.0,1789,6.5,0,1,0,21.0,40.0,2416
2026-05-08 18:28:11,25.0,39.0,2180,6.5,0,1,0,21.0,40.0,2416
2026-05-08 18:28:16,25.0,39.0,766,6.5,0,1,0,21.0,40.0,2416
2026-05-08 18:28:22,25.0,39.0,977,6.5,0,1,0,21.0,40.0,2416
2026-05-08 18:28:27,25.0,39.0,1581,6.5,0,1,0,21.0,40.0,2416
2026-05-08 18:28:33,25.0,39.0,1241,6.5,0,1,0,21.0,40.0,2416
2026-05-08 18:28:38,25.0,39.0,2111,6.5,0,1,0,21.0,40.0,2416
2026-05-08 18:28:43,25.0,39.0,1996,6.5,0,1,0,21.0,40.0,2416
2026-05-08 18:28:49,25.0,40.0,799,6.5,0,1,0,21.0,40.0,2416
2026-05-08 18:28:54,25.0,39.0,1355,6.5,0,1,0,21.0,40.0,2416
2026-05-08 18:29:00,25.0,39.0,1936,6.5,0,1,0,21.0,40.0,2416
2026-05-08 18:29:05,25.0,40.0,2266,6.5,0,1,0,21.0,40.0,2416
2026-05-08 18:29:10,25.0,40.0,1023,6.5,0,1,0,21.0,40.0,2416
2026-05-08 18:29:16,25.0,39.0,1387,6.5,0,1,0,21.0,40.0,2416
2026-05-08 18:29:21,25.0,39.0,2180,6.5,0,1,0,21.0,40.0,2416
2026-05-08 18:29:27,25.0,40.0,1499,6.5,0,1,0,21.0,40.0,2416
2026-05-08 18:29:32,25.0,40.0,899,6.5,0,1,0,21.0,40.0,2416
2026-05-08 18:29:37,25.0,40.0,1757,6.5,0,1,0,21.0,40.0,2416
2026-05-08 18:29:43,25.0,40.0,2064,6.5,0,1,0,21.0,40.0,2416
2026-05-08 18:29:48,25.0,40.0,699,6.5,0,1,0,21.0,40.0,2416
2026-05-08 18:29:53,25.0,40.0,707,6.5,0,1,0,21.0,40.0,2416
2026-05-08 18:29:59,25.0,40.0,2200,6.5,0,1,0,21.0,40.0,2416
2026-05-08 18:30:04,25.0,40.0,1981,6.5,0,1,0,21.0,40.0,2416
2026-05-08 18:30:10,25.0,40.0,719,6.5,0,1,0,21.0,40.0,2416
2026-05-08 18:30:15,25.0,40.0,1460,6.5,0,1,0,21.0,40.0,2416
2026-05-08 18:30:20,25.0,40.0,2262,6.5,0,1,0,21.0,40.0,2416
2026-05-08 18:30:26,25.0,40.0,863,6.5,0,1,0,21.0,40.0,2416
2026-05-08 18:30:31,25.0,40.0,2180,6.5,0,1,0,21.0,40.0,2416
2026-05-08 18:30:37,25.0,40.0,951,6.5,0,1,0,21.0,40.0,2416
2026-05-08 18:30:42,25.0,40.0,2185,6.5,0,1,0,21.0,40.0,2416
2026-05-08 18:30:47,25.0,40.0,2128,6.5,0,1,0,21.0,40.0,2416
2026-05-08 18:30:53,25.0,40.0,1057,6.5,0,1,0,21.0,40.0,2416
2026-05-08 18:30:58,25.0,40.0,1767,6.5,0,1,0,21.0,40.0,2416
2026-05-08 18:31:04,25.0,40.0,1806,6.5,0,1,0,21.0,40.0,2416
2026-05-08 18:31:09,25.0,41.0,1386,6.5,0,1,0,21.0,40.0,2416
2026-05-08 18:31:14,25.0,41.0,2126,6.5,0,1,0,21.0,40.0,2416
2026-05-08 18:31:20,25.0,40.0,1922,6.5,0,1,0,21.0,40.0,2416
2026-05-08 18:31:25,25.0,41.0,847,6.5,0,1,0,21.0,40.0,2416
2026-05-08 18:31:30,25.0,41.0,2140,6.5,0,1,0,21.0,40.0,2416
2026-05-08 18:31:36,25.0,41.0,2080,6.5,0,1,0,21.0,40.0,2416
2026-05-08 18:31:41,25.0,41.0,1840,6.5,0,1,0,21.0,40.0,2416
2026-05-08 18:31:47,25.0,41.0,1914,6.5,0,1,0,21.0,40.0,2416
2026-05-08 18:31:52,25.0,41.0,2030,6.5,0,1,0,21.0,40.0,2416
2026-05-08 18:31:57,25.0,41.0,1972,6.5,0,1,0,21.0,40.0,2416
2026-05-08 18:32:03,25.0,41.0,2032,6.5,0,1,0,21.0,40.0,2416
2026-05-08 18:32:08,25.0,41.0,1858,6.5,0,1,0,21.0,40.0,2416
2026-05-08 18:32:14,25.0,41.0,915,6.5,0,1,0,21.0,40.0,2416
2026-05-08 18:32:19,25.0,41.0,2080,6.5,0,1,0,21.0,40.0,2416
2026-05-08 18:32:24,25.0,41.0,2082,6.4,0,1,0,21.0,40.0,2416
2026-05-08 18:32:30,25.0,41.0,675,6.6,0,1,0,21.0,40.0,2416
2026-05-08 18:32:35,25.0,40.0,1504,6.6,0,1,0,21.0,40.0,2416
2026-05-08 18:32:40,25.0,41.0,767,6.6,0,1,0,21.0,40.0,2416
2026-05-08 18:32:46,25.0,41.0,855,6.6,0,1,0,21.0,40.0,2416
2026-05-08 18:32:51,25.0,40.0,1864,6.6,0,1,0,21.0,40.0,2416
2026-05-08 18:32:57,25.0,40.0,1396,6.5,0,1,0,21.0,40.0,2416
2026-05-08 18:33:02,25.0,40.0,767,6.5,0,1,0,21.0,40.0,2416
2026-05-08 18:33:07,25.0,40.0,1604,6.4,0,1,0,21.0,40.0,2416
2026-05-08 18:33:13,25.0,38.0,1231,6.5,0,1,0,21.0,40.0,2416
2026-05-08 18:33:18,24.0,39.0,1917,6.5,0,1,0,21.0,40.0,2416
2026-05-08 18:33:24,24.0,39.0,1872,6.4,0,1,0,21.0,40.0,2416
2026-05-08 18:33:29,24.0,40.0,923,6.5,0,1,0,21.0,40.0,2416
2026-05-08 18:33:34,24.0,40.0,2008,6.4,0,1,0,21.0,40.0,2416
2026-05-08 18:33:40,24.0,39.0,999,6.4,0,1,0,21.0,40.0,2416
2026-05-08 18:33:45,24.0,39.0,1451,6.4,0,1,0,21.0,40.0,2416
2026-05-08 18:33:50,24.0,39.0,2028,6.4,0,1,0,21.0,40.0,2416
2026-05-08 18:33:56,24.0,39.0,2054,6.5,0,1,0,21.0,40.0,2416
2026-05-08 18:34:01,24.0,40.0,783,6.4,0,1,0,21.0,40.0,2416
2026-05-08 18:34:07,24.0,39.0,791,6.4,0,1,0,21.0,40.0,2416
2026-05-08 18:34:12,24.0,39.0,1317,6.4,0,1,0,21.0,40.0,2416
2026-05-08 18:34:17,24.0,38.0,528,6.4,0,1,0,21.0,40.0,2416
2026-05-08 18:34:23,24.0,38.0,1080,6.4,0,1,0,21.0,40.0,2416
2026-05-08 18:34:28,24.0,38.0,749,6.5,0,1,0,21.0,40.0,2416
2026-05-08 18:34:34,24.0,39.0,2086,6.6,0,1,0,21.0,40.0,2416
2026-05-08 18:34:39,24.0,39.0,1207,6.5,0,1,0,21.0,40.0,2416
2026-05-08 18:34:44,24.0,38.0,822,6.6,0,1,0,21.0,40.0,2416
2026-05-08 18:34:50,24.0,39.0,911,6.5,0,1,0,21.0,40.0,2416
2026-05-08 18:34:55,24.0,38.0,1970,6.5,0,1,0,21.0,40.0,2416
2026-05-08 18:35:01,24.0,38.0,624,6.4,0,1,0,21.0,40.0,2416
2026-05-08 18:35:06,24.0,39.0,755,6.4,0,1,0,21.0,40.0,2416
2026-05-08 18:35:11,24.0,38.0,771,6.5,0,1,0,21.0,40.0,2416
2026-05-08 18:35:17,24.0,38.0,502,6.5,0,1,0,21.0,40.0,2416
2026-05-08 18:35:22,24.0,39.0,731,6.4,0,1,0,21.0,40.0,2416
2026-05-08 18:35:27,24.0,39.0,2042,6.4,0,1,0,21.0,40.0,2416
2026-05-08 18:35:33,24.0,39.0,2007,6.5,0,1,0,21.0,40.0,2416
2026-05-08 18:35:38,24.0,39.0,1603,6.4,0,1,0,21.0,40.0,2416
2026-05-08 18:35:44,24.0,39.0,819,6.4,0,1,0,21.0,40.0,2416
2026-05-08 18:35:49,24.0,40.0,1519,6.4,0,1,0,21.0,40.0,2416
2026-05-08 18:35:54,24.0,39.0,1215,6.4,0,1,0,21.0,40.0,2416
2026-05-08 18:36:00,24.0,39.0,1936,6.4,0,1,0,21.0,40.0,2416
2026-05-08 18:36:05,24.0,40.0,759,6.4,0,1,0,21.0,40.0,2416
2026-05-08 18:36:11,24.0,39.0,674,6.4,0,1,0,21.0,40.0,2416
2026-05-08 18:36:16,24.0,39.0,592,6.4,0,1,0,21.0,40.0,2416
2026-05-08 18:36:21,24.0,40.0,823,6.4,0,1,0,21.0,40.0,2416
2026-05-08 18:36:27,24.0,40.0,783,6.4,0,1,0,21.0,40.0,2416
2026-05-08 18:36:32,24.0,40.0,533,6.4,0,1,0,21.0,40.0,2416
2026-05-08 18:36:37,24.0,40.0,1386,6.5,0,1,0,21.0,40.0,2416
2026-05-08 18:36:43,24.0,40.0,2032,6.6,0,1,0,21.0,40.0,2416
2026-05-08 18:36:48,24.0,40.0,707,6.5,0,1,0,21.0,40.0,2416
2026-05-08 18:36:54,24.0,40.0,1840,6.5,0,1,0,21.0,40.0,2416
2026-05-08 18:36:59,24.0,40.0,1440,6.5,0,1,0,21.0,40.0,2416
2026-05-08 18:37:04,24.0,40.0,1443,6.4,0,1,0,21.0,40.0,2416
2026-05-08 18:37:10,24.0,40.0,1183,6.4,0,1,0,21.0,40.0,2416
2026-05-08 18:37:15,24.0,40.0,1989,6.4,0,1,0,21.0,40.0,2416
2026-05-08 18:37:21,24.0,40.0,576,6.4,0,1,0,21.0,40.0,2416
2026-05-08 18:37:26,24.0,40.0,1816,6.5,0,1,0,21.0,40.0,2416
2026-05-08 18:37:31,24.0,40.0,939,6.4,0,1,0,21.0,40.0,2416
2026-05-08 18:37:37,24.0,40.0,775,6.4,0,1,0,21.0,40.0,2416
2026-05-08 18:37:42,24.0,40.0,577,6.5,0,1,0,21.0,40.0,2416
2026-05-08 18:37:48,24.0,40.0,2008,6.4,0,1,0,21.0,40.0,2416
2026-05-08 18:37:53,24.0,40.0,859,6.4,0,1,0,21.0,40.0,2416
2026-05-08 18:37:58,24.0,41.0,1626,6.4,0,1,0,21.0,40.0,2416
2026-05-08 18:38:04,25.0,40.0,752,6.4,0,1,0,21.0,40.0,2416
2026-05-08 18:38:09,24.0,41.0,1868,6.4,0,1,0,21.0,40.0,2416
2026-05-08 18:38:14,24.0,41.0,1635,6.4,0,1,0,21.0,40.0,2416
2026-05-08 18:38:20,24.0,41.0,2026,6.4,0,1,0,21.0,40.0,2416
2026-05-08 18:38:25,24.0,41.0,1952,6.5,0,1,0,21.0,40.0,2416
2026-05-08 18:38:31,24.0,40.0,2011,6.5,0,1,0,21.0,40.0,2416
2026-05-08 18:38:36,24.0,41.0,1721,6.5,0,1,0,21.0,40.0,2416
2026-05-08 18:38:41,24.0,41.0,567,6.4,0,1,0,21.0,40.0,2416
2026-05-08 18:38:47,24.0,41.0,1216,6.4,0,1,0,21.0,40.0,2416
2026-05-08 18:38:52,25.0,40.0,1992,6.4,0,1,0,21.0,40.0,2416
2026-05-08 18:38:58,24.0,41.0,1896,6.4,0,1,0,21.0,40.0,2416
2026-05-08 18:39:03,24.0,41.0,1535,6.4,0,1,0,21.0,40.0,2416
2026-05-08 18:39:08,24.0,41.0,1832,6.4,0,1,0,21.0,40.0,2416
2026-05-08 18:39:14,24.0,41.0,939,6.4,0,1,0,21.0,40.0,2416
2026-05-08 18:39:19,25.0,40.0,1441,6.4,0,1,0,21.0,40.0,2416
2026-05-08 18:39:25,24.0,41.0,1868,6.4,0,1,0,21.0,40.0,2416
2026-05-08 18:39:30,24.0,41.0,1973,6.4,0,1,0,21.0,40.0,2416
2026-05-08 18:39:35,24.0,41.0,1736,6.4,0,1,0,21.0,40.0,2416
2026-05-08 18:39:41,24.0,41.0,591,6.4,0,1,0,21.0,40.0,2416
2026-05-08 18:39:46,24.0,41.0,1232,6.4,0,1,0,21.0,40.0,2416
2026-05-08 18:39:51,24.0,41.0,1736,6.5,0,1,0,21.0,40.0,2416
2026-05-08 18:39:57,24.0,41.0,2017,6.4,0,1,0,21.0,40.0,2416
2026-05-08 18:40:02,24.0,41.0,863,6.4,0,1,0,21.0,40.0,2416
2026-05-08 18:40:08,24.0,41.0,1973,6.4,0,1,0,21.0,40.0,2416
2026-05-08 18:40:13,24.0,42.0,1840,6.4,0,1,0,21.0,40.0,2416
2026-05-08 18:40:18,24.0,41.0,867,6.4,0,1,0,21.0,40.0,2416
2026-05-08 18:40:24,24.0,41.0,1943,6.4,0,1,0,21.0,40.0,2416
2026-05-08 18:40:29,24.0,41.0,811,6.4,0,1,0,21.0,40.0,2416
2026-05-08 18:40:35,24.0,41.0,1714,6.4,0,1,0,21.0,40.0,2416
2026-05-08 18:40:40,24.0,41.0,1966,6.4,0,1,0,21.0,40.0,2416
2026-05-08 18:40:45,24.0,41.0,782,6.4,0,1,0,21.0,40.0,2416
2026-05-08 18:40:51,24.0,41.0,1789,6.4,0,1,0,21.0,40.0,2416
2026-05-08 18:40:56,24.0,41.0,639,6.4,0,1,0,21.0,40.0,2416
2026-05-08 18:41:01,24.0,41.0,1659,6.4,0,1,0,21.0,40.0,2416
2026-05-08 18:41:07,24.0,41.0,1213,6.4,0,1,0,21.0,40.0,2416
2026-05-08 18:41:12,24.0,41.0,2023,6.4,0,1,0,21.0,40.0,2416
2026-05-08 18:41:18,24.0,41.0,1278,6.4,0,1,0,21.0,40.0,2416
2026-05-08 18:41:23,24.0,41.0,1960,6.4,0,1,0,21.0,40.0,2416
2026-05-08 18:41:28,24.0,41.0,686,6.4,0,1,0,21.0,40.0,2416
2026-05-08 18:41:34,24.0,41.0,1936,6.4,0,1,0,21.0,40.0,2416
2026-05-08 18:41:39,24.0,41.0,1661,6.4,0,1,0,21.0,40.0,2416
2026-05-08 18:41:45,24.0,41.0,743,6.4,0,1,0,21.0,40.0,2416
2026-05-08 18:41:50,24.0,41.0,1392,6.4,0,1,0,21.0,40.0,2416
2026-05-08 18:41:55,24.0,41.0,720,6.4,0,1,0,21.0,40.0,2416
2026-05-08 18:42:01,24.0,41.0,1856,6.4,0,1,0,21.0,40.0,2416
2026-05-08 18:42:06,24.0,41.0,1360,6.4,0,1,0,21.0,40.0,2416
2026-05-08 18:42:11,24.0,41.0,784,6.4,0,1,0,21.0,40.0,2416
2026-05-08 18:42:17,24.0,41.0,625,6.4,0,1,0,21.0,40.0,2416
2026-05-08 18:42:22,24.0,37.0,1373,6.4,0,1,0,21.0,40.0,2416
2026-05-08 18:42:28,24.0,42.0,1984,6.4,0,1,0,21.0,40.0,2416
2026-05-08 18:42:33,24.0,43.0,1114,6.3,0,1,0,21.0,40.0,2416
2026-05-08 18:42:38,24.0,43.0,818,6.4,0,1,0,21.0,40.0,2416
2026-05-08 18:42:44,24.0,42.0,941,6.4,0,1,0,21.0,40.0,2416
2026-05-08 18:42:49,24.0,43.0,787,6.4,0,1,0,21.0,40.0,2416
2026-05-08 18:42:55,24.0,42.0,2026,6.4,0,1,0,21.0,40.0,2416
2026-05-08 18:43:00,24.0,42.0,1958,6.4,0,1,0,21.0,40.0,2416
2026-05-08 18:43:05,24.0,41.0,691,6.4,0,1,0,21.0,40.0,2416
2026-05-08 18:43:11,24.0,41.0,2019,6.4,0,1,0,21.0,40.0,2416
2026-05-08 18:43:16,24.0,41.0,759,6.4,0,1,0,21.0,40.0,2416
2026-05-08 18:43:22,24.0,42.0,749,6.4,0,1,0,21.0,40.0,2416
2026-05-08 18:43:27,24.0,41.0,913,6.4,0,1,0,21.0,40.0,2416
2026-05-08 18:43:32,24.0,40.0,827,6.4,0,1,0,21.0,40.0,2416
2026-05-08 18:43:38,23.0,40.0,1235,6.4,0,1,0,21.0,40.0,2416
2026-05-08 18:43:43,24.0,40.0,1254,6.4,0,1,0,21.0,40.0,2416
2026-05-08 18:43:48,23.0,40.0,1351,6.4,0,1,0,21.0,40.0,2416
2026-05-08 18:43:54,23.0,39.0,2017,6.6,0,1,0,21.0,40.0,2416
2026-05-08 18:43:59,23.0,38.0,1978,6.6,0,1,0,21.0,40.0,2416
2026-05-08 18:44:05,23.0,37.0,1996,6.6,0,1,0,21.0,40.0,2416
2026-05-08 18:44:10,23.0,36.0,1135,6.6,0,1,0,21.0,40.0,2416
2026-05-08 18:44:15,23.0,36.0,1960,6.6,0,1,0,21.0,40.0,2416
2026-05-08 18:44:21,23.0,34.0,1848,6.6,0,1,0,21.0,40.0,2416
2026-05-08 18:44:26,23.0,34.0,2036,6.6,0,1,0,21.0,40.0,2416
2026-05-08 18:44:32,23.0,33.0,705,6.6,0,1,0,21.0,40.0,2416
2026-05-08 18:44:37,23.0,31.0,943,6.6,0,1,0,21.0,40.0,2416
2026-05-08 18:44:42,23.0,31.0,627,6.6,0,1,0,21.0,40.0,2416
2026-05-08 18:44:48,23.0,30.0,859,6.7,0,1,0,21.0,40.0,2416
2026-05-08 18:44:53,23.0,28.0,1169,6.6,0,1,0,21.0,40.0,2416
2026-05-08 18:44:59,24.0,22.0,2073,6.6,0,1,0,21.0,40.0,2416
2026-05-08 18:45:04,24.0,19.0,643,6.6,0,1,0,21.0,40.0,2416
2026-05-08 18:45:09,24.0,19.0,605,6.6,0,1,0,21.0,40.0,2416
2026-05-08 18:45:15,24.0,19.0,671,6.6,0,1,0,21.0,40.0,2416
2026-05-08 18:45:20,24.0,19.0,1988,6.6,0,1,0,21.0,40.0,2416
2026-05-08 18:45:25,24.0,19.0,2025,6.6,0,1,0,21.0,40.0,2416
2026-05-08 18:45:31,24.0,19.0,2023,6.6,0,1,0,21.0,40.0,2416
2026-05-08 18:45:36,24.0,19.0,2000,6.6,0,1,0,21.0,40.0,2416
2026-05-08 18:45:42,24.0,19.0,1724,6.6,0,1,0,21.0,40.0,2416
2026-05-08 18:45:47,24.0,19.0,1007,6.6,0,1,0,21.0,40.0,2416
2026-05-08 18:45:52,24.0,19.0,1952,6.6,0,1,0,21.0,40.0,2416
2026-05-08 18:45:58,24.0,19.0,1717,6.6,0,1,0,21.0,40.0,2416
2026-05-08 18:49:11,22.0,18.0,1840,6.8,0,1,0,21.0,40.0,2416
2026-05-08 18:49:17,22.0,18.0,912,6.8,0,1,0,21.0,40.0,2416
2026-05-08 18:49:22,22.0,17.0,1043,6.8,0,1,0,21.0,40.0,2416
2026-05-08 18:49:27,22.0,17.0,2029,6.8,0,1,0,21.0,40.0,2416
2026-05-08 18:49:33,23.0,16.0,1127,6.8,0,1,0,21.0,40.0,2416
2026-05-08 18:49:38,23.0,16.0,961,6.8,0,1,0,21.0,40.0,2416
2026-05-08 18:49:43,23.0,16.0,1916,6.7,0,1,0,21.0,40.0,2416
2026-05-08 18:49:49,23.0,16.0,943,6.5,0,1,0,21.0,40.0,2416
2026-05-08 18:49:54,23.0,16.0,1424,6.6,0,1,0,21.0,40.0,2416
2026-05-08 18:50:00,24.0,16.0,1535,6.6,0,1,0,21.0,40.0,2416
2026-05-08 18:50:05,23.0,16.0,1907,6.6,0,1,0,21.0,40.0,2416
2026-05-08 18:50:10,24.0,16.0,987,6.6,0,1,0,21.0,40.0,2416
2026-05-08 18:50:16,24.0,16.0,2078,6.6,0,1,0,21.0,40.0,2416
2026-05-08 18:50:21,24.0,16.0,886,6.7,0,1,0,21.0,40.0,2416
2026-05-08 18:50:27,24.0,16.0,1367,6.5,0,1,0,21.0,40.0,2416
2026-05-08 18:50:37,24.0,16.0,1984,6.7,0,1,0,21.0,40.0,2416
2026-05-08 18:50:42,24.0,16.0,955,6.8,0,1,0,21.0,40.0,2416
2026-05-08 18:50:48,24.0,16.0,951,6.8,0,1,0,21.0,40.0,2416
2026-05-08 18:50:53,24.0,16.0,895,6.8,0,1,0,21.0,40.0,2416
2026-05-08 18:50:58,24.0,16.0,919,6.8,0,1,0,21.0,40.0,2416
2026-05-08 18:51:04,24.0,16.0,1115,6.8,0,1,0,21.0,40.0,2416
2026-05-08 18:51:09,23.0,10.0,1430,7.0,1,0,0,21.0,40.0,2416
2026-05-08 18:51:15,23.0,10.0,1424,7.0,1,0,0,21.0,40.0,2416
2026-05-08 18:51:20,nan,nan,1415,7.0,1,0,0,21.0,40.0,2416
2026-05-08 18:51:25,nan,nan,1424,7.5,1,0,0,21.0,40.0,2416
2026-05-08 18:51:31,nan,nan,1425,7.5,1,0,0,21.0,40.0,2416
2026-05-08 18:51:36,nan,nan,1424,7.5,1,0,0,21.0,40.0,2416
2026-05-08 18:51:42,24.0,16.0,1431,7.5,1,0,0,21.0,40.0,2416
2026-05-08 18:51:47,nan,nan,1434,7.0,1,0,0,21.0,40.0,2416
2026-05-08 18:51:52,25.0,43.0,1436,7.5,1,0,0,21.0,40.0,2416
2026-05-08 18:51:58,25.0,9.0,1432,7.0,1,0,0,21.0,40.0,2416
2026-05-08 18:52:03,25.0,9.0,1419,7.0,1,0,0,21.0,40.0,2416
2026-05-08 18:52:09,25.0,16.0,1438,7.0,1,0,0,21.0,40.0,2416
2026-05-08 18:52:14,25.0,9.0,1441,7.0,1,0,0,21.0,40.0,2416
2026-05-08 18:52:19,25.0,9.0,1443,7.0,1,0,0,21.0,40.0,2416
2026-05-08 18:52:25,25.0,9.0,1430,7.0,1,0,0,21.0,40.0,2416
2026-05-08 18:52:30,25.0,9.0,1441,7.0,1,0,0,21.0,40.0,2416
2026-05-08 19:55:35,22.0,17.0,1435,6.9,0,1,0,21.0,40.0,2416
2026-05-08 19:55:40,22.0,14.0,1151,6.9,0,1,0,21.0,40.0,2416
2026-05-08 19:55:45,22.0,13.0,2166,7.0,0,1,0,21.0,40.0,2416
2026-05-08 19:55:51,22.0,12.0,1403,7.0,0,1,0,21.0,40.0,2416
2026-05-08 19:55:56,22.0,12.0,1203,6.9,0,1,0,21.0,40.0,2416
2026-05-08 19:56:01,22.0,11.0,2031,7.0,0,1,0,21.0,40.0,2416
2026-05-08 19:56:07,22.0,12.0,1015,7.0,0,1,0,21.0,40.0,2416
2026-05-08 19:56:12,21.0,11.0,2340,7.0,0,1,0,21.0,40.0,2416
2026-05-08 19:56:17,21.0,11.0,1808,7.0,0,1,0,21.0,40.0,2416
2026-05-08 19:56:22,21.0,11.0,963,6.9,0,1,0,21.0,40.0,2416
2026-05-08 19:56:28,21.0,11.0,2272,7.0,0,1,0,21.0,40.0,2416
2026-05-08 19:56:33,21.0,11.0,1555,6.9,0,1,0,21.0,40.0,2416
2026-05-08 19:56:38,22.0,11.0,1183,7.0,0,1,0,21.0,40.0,2416
2026-05-08 19:56:44,22.0,11.0,2346,6.9,0,1,0,21.0,40.0,2416
2026-05-08 19:56:49,21.0,11.0,1920,6.9,0,1,0,21.0,40.0,2416
2026-05-08 19:56:54,21.0,11.0,2288,6.9,0,1,0,21.0,40.0,2416
2026-05-08 19:56:59,22.0,11.0,1015,6.9,0,1,0,21.0,40.0,2416
2026-05-08 19:57:05,22.0,11.0,1293,7.0,0,1,0,21.0,40.0,2416
2026-05-08 19:57:10,22.0,11.0,1921,6.9,0,1,0,21.0,40.0,2416
2026-05-08 19:57:15,22.0,11.0,1085,7.0,0,1,0,21.0,40.0,2416
2026-05-08 19:57:21,22.0,11.0,2208,6.9,0,1,0,21.0,40.0,2416
2026-05-08 19:57:26,23.0,10.0,1127,6.9,0,1,0,21.0,40.0,2416
2026-05-08 19:57:31,23.0,10.0,1294,6.9,0,1,0,21.0,40.0,2416
2026-05-08 19:57:36,24.0,10.0,1011,6.9,0,1,0,21.0,40.0,2416
2026-05-08 19:57:42,24.0,51.0,1375,6.9,0,1,0,21.0,40.0,2416
2026-05-08 19:57:47,24.0,10.0,1703,6.9,0,1,0,21.0,40.0,2416
2026-05-08 19:57:52,24.0,10.0,1792,6.9,0,1,0,21.0,40.0,2416
2026-05-08 19:57:58,24.0,45.0,1167,6.9,0,1,0,21.0,40.0,2416
2026-05-08 19:58:03,24.0,10.0,1639,6.9,0,1,0,21.0,40.0,2416
2026-05-08 19:58:08,24.0,10.0,1559,6.9,0,1,0,21.0,40.0,2416
2026-05-08 19:58:13,24.0,10.0,2283,6.9,0,1,0,21.0,40.0,2416
2026-05-08 19:58:19,24.0,45.0,2330,6.9,0,1,0,21.0,40.0,2416
2026-05-08 19:58:24,24.0,10.0,2250,6.9,0,1,0,21.0,40.0,2416
2026-05-08 19:58:29,24.0,10.0,1191,6.9,0,1,0,21.0,40.0,2416
2026-05-08 19:58:35,24.0,10.0,1662,6.9,0,1,0,21.0,40.0,2416
2026-05-08 19:58:40,24.0,10.0,1055,6.9,0,1,0,21.0,40.0,2416
2026-05-08 20:44:02,22.0,11.0,2200,7.0,0,0,0,21.0,40.0,2416
2026-05-08 20:44:07,22.0,62.0,2408,7.0,0,1,0,21.0,40.0,2416
2026-05-08 20:44:12,22.0,11.0,2037,7.0,0,1,0,21.0,40.0,2416
2026-05-08 20:44:18,22.0,11.0,2496,7.0,0,1,0,21.0,40.0,2416
2026-05-08 20:44:23,22.0,11.0,1919,7.0,0,1,1,21.0,40.0,2416
2026-05-08 20:44:28,22.0,11.0,2128,7.0,0,1,0,21.0,40.0,2416
2026-05-08 20:44:33,22.0,11.0,2428,7.0,0,1,0,21.0,40.0,2416
2026-05-08 20:44:39,22.0,11.0,1573,7.0,0,1,1,21.0,40.0,2416
2026-05-08 20:44:44,22.0,11.0,2352,7.0,0,1,0,21.0,40.0,2416
2026-05-08 20:44:49,22.0,11.0,2277,7.0,0,1,0,21.0,40.0,2416
2026-05-08 20:44:54,22.0,11.0,2345,7.0,0,1,0,21.0,40.0,2416
2026-05-08 20:45:00,22.0,11.0,1719,7.0,0,1,0,21.0,40.0,2416
2026-05-08 20:45:05,22.0,11.0,1571,7.0,0,1,0,21.0,40.0,2416
2026-05-08 20:45:10,22.0,11.0,1313,7.0,0,1,0,21.0,40.0,2416
2026-05-08 20:45:16,22.0,11.0,1651,7.0,0,1,0,21.0,40.0,2416
2026-05-08 20:45:21,22.0,11.0,1179,7.0,0,1,0,21.0,40.0,2416
2026-05-08 20:45:26,22.0,12.0,2272,7.0,0,1,0,21.0,40.0,2416
2026-05-08 20:45:31,22.0,11.0,1745,7.0,0,1,0,21.0,40.0,2416
2026-05-08 20:45:37,22.0,11.0,1391,7.0,0,1,0,21.0,40.0,2416
2026-05-08 20:45:42,22.0,11.0,2212,7.0,0,1,0,21.0,40.0,2416
2026-05-08 20:45:47,22.0,11.0,1250,7.0,0,1,0,21.0,40.0,2416
2026-05-08 20:45:53,22.0,11.0,2297,7.0,0,1,0,21.0,40.0,2416
2026-05-08 20:45:58,22.0,11.0,2112,7.0,0,1,0,21.0,40.0,2416
2026-05-08 20:46:03,22.0,12.0,1241,7.0,0,1,0,21.0,40.0,2416
2026-05-08 20:46:08,22.0,11.0,2252,7.0,0,1,0,21.0,40.0,2416
2026-05-08 20:46:14,22.0,11.0,1847,7.0,0,1,0,21.0,40.0,2416
2026-05-08 20:46:19,22.0,11.0,1183,7.0,0,1,0,21.0,40.0,2416
2026-05-08 20:46:24,22.0,11.0,1407,7.0,0,1,0,21.0,40.0,2416
2026-05-08 20:46:30,22.0,11.0,1311,7.0,0,1,0,21.0,40.0,2416
2026-05-08 20:46:35,22.0,11.0,2176,7.0,0,1,0,21.0,40.0,2416
2026-05-08 20:46:40,22.0,11.0,1961,7.0,0,1,0,21.0,40.0,2416
2026-05-08 20:46:45,22.0,11.0,1443,7.0,0,1,0,21.0,40.0,2416
2026-05-08 20:46:51,22.0,11.0,1535,7.0,0,1,0,21.0,40.0,2416
2026-05-08 20:46:56,22.0,19.0,1190,7.0,0,1,0,21.0,40.0,2416
2026-05-08 20:47:01,22.0,11.0,1243,7.0,0,1,0,21.0,40.0,2416
2026-05-08 20:47:07,22.0,11.0,1447,7.0,0,1,0,21.0,40.0,2416
2026-05-08 20:47:12,22.0,14.0,1363,7.0,0,1,0,21.0,40.0,2416
2026-05-08 20:48:00,22.0,11.0,1685,7.5,1,0,0,21.0,40.0,2416
2026-05-08 20:48:05,22.0,11.0,1677,7.5,1,0,0,21.0,40.0,2416
2026-05-08 20:48:11,22.0,11.0,1669,7.5,1,0,0,21.0,40.0,2416
2026-05-08 20:48:16,22.0,11.0,1666,7.5,1,0,0,21.0,40.0,2416
2026-05-08 20:48:21,22.0,11.0,1671,7.5,1,0,0,21.0,40.0,2416
2026-05-08 20:48:26,22.0,11.0,1662,7.5,1,0,0,21.0,40.0,2416
2026-05-08 20:48:32,22.0,72.0,1664,7.5,1,0,0,21.0,40.0,2416
2026-05-08 20:48:37,22.0,11.0,1662,7.5,1,0,0,21.0,40.0,2416
2026-05-08 20:48:42,22.0,11.0,1667,7.5,1,0,0,21.0,40.0,2416
2026-05-08 20:48:48,22.0,11.0,1664,7.5,1,0,0,21.0,40.0,2416
2026-05-08 20:48:53,22.0,12.0,1655,7.5,1,0,0,21.0,40.0,2416
2026-05-08 20:48:58,22.0,11.0,1670,7.5,1,0,0,21.0,40.0,2416
2026-05-08 20:49:03,22.0,11.0,1666,7.5,1,0,0,21.0,40.0,2416
2026-05-08 20:49:09,22.0,11.0,1661,7.5,1,0,0,21.0,40.0,2416
2026-05-08 20:49:14,22.0,11.0,1663,7.5,1,0,0,21.0,40.0,2416
2026-05-08 20:49:19,22.0,11.0,1655,7.4,1,0,0,21.0,40.0,2416
2026-05-08 20:49:25,22.0,11.0,1659,7.5,1,0,0,21.0,40.0,2416
2026-05-08 20:49:30,22.0,11.0,1659,7.4,1,0,0,21.0,40.0,2416
2026-05-08 20:49:35,22.0,11.0,1663,7.5,1,0,0,21.0,40.0,2416
2026-05-08 20:49:40,22.0,11.0,1645,7.5,1,0,0,21.0,40.0,2416
2026-05-08 20:50:03,23.0,10.0,1648,7.5,0,0,0,21.0,40.0,2416
2026-05-08 20:50:09,22.0,19.0,2179,6.8,0,1,0,21.0,40.0,2416
2026-05-08 20:50:14,22.0,11.0,2096,6.8,0,1,0,21.0,40.0,2416
2026-05-08 20:50:19,22.0,11.0,2096,6.8,0,1,0,21.0,40.0,2416
2026-05-08 20:50:25,22.0,11.0,1812,6.8,0,1,0,21.0,40.0,2416
2026-05-08 20:50:30,22.0,56.0,1866,6.8,0,1,0,21.0,40.0,2416
2026-05-08 20:50:35,22.0,11.0,1920,6.9,0,1,0,21.0,40.0,2416
2026-05-08 20:50:40,22.0,11.0,2062,6.8,0,1,0,21.0,40.0,2416
2026-05-08 20:50:46,22.0,11.0,2065,6.8,0,1,0,21.0,40.0,2416
2026-05-08 20:50:51,22.0,11.0,1291,6.8,0,1,0,21.0,40.0,2416
2026-05-08 20:50:56,22.0,11.0,1991,6.8,0,1,0,21.0,40.0,2416
2026-05-08 20:51:01,22.0,11.0,1446,6.8,0,1,0,21.0,40.0,2416
2026-05-08 20:51:07,22.0,11.0,1361,6.8,0,1,0,21.0,40.0,2416
2026-05-08 20:51:12,22.0,13.0,2040,6.8,0,1,0,21.0,40.0,2416
2026-05-08 20:51:17,22.0,11.0,2120,6.8,0,1,0,21.0,40.0,2416
2026-05-08 20:51:23,22.0,11.0,2114,6.8,0,1,0,21.0,40.0,2416
2026-05-08 20:51:28,22.0,16.0,2114,6.8,0,1,0,21.0,40.0,2416
2026-05-08 20:51:33,22.0,11.0,1502,6.8,0,1,0,21.0,40.0,2416
2026-05-08 20:51:38,22.0,11.0,1267,6.8,0,1,0,21.0,40.0,2416
2026-05-08 20:51:44,22.0,11.0,1952,6.8,0,1,0,21.0,40.0,2416
2026-05-08 20:51:49,22.0,11.0,1579,6.8,0,1,0,21.0,40.0,2416
2026-05-08 20:51:54,22.0,17.0,2107,6.8,0,1,0,21.0,40.0,2416
2026-05-08 20:52:00,22.0,11.0,1151,6.8,0,1,0,21.0,40.0,2416
2026-05-08 20:52:05,22.0,17.0,1925,6.8,0,1,0,21.0,40.0,2416
2026-05-08 20:52:10,22.0,17.0,2102,6.8,0,1,0,21.0,40.0,2416
2026-05-08 20:52:15,22.0,13.0,2020,6.8,0,1,0,21.0,40.0,2416
2026-05-08 20:52:21,22.0,16.0,1285,6.8,0,1,0,21.0,40.0,2416
2026-05-08 20:52:26,22.0,18.0,2073,6.8,0,1,0,21.0,40.0,2416
2026-05-08 20:52:31,22.0,11.0,1071,6.8,0,1,0,21.0,40.0,2416
2026-05-08 20:52:37,22.0,12.0,1075,6.8,0,1,0,21.0,40.0,2416
2026-05-08 20:52:42,22.0,11.0,1301,6.8,0,1,0,21.0,40.0,2416
2026-05-08 20:52:47,22.0,11.0,1079,6.8,0,1,0,21.0,40.0,2416
2026-05-08 20:52:52,22.0,15.0,1680,6.8,0,1,0,21.0,40.0,2416
2026-05-08 20:52:58,22.0,20.0,1519,6.8,0,1,0,21.0,40.0,2416
2026-05-08 20:53:03,22.0,12.0,1461,6.8,0,1,0,21.0,40.0,2416
2026-05-08 20:53:08,22.0,13.0,1267,6.8,0,1,0,21.0,40.0,2416
2026-05-08 20:53:14,22.0,11.0,2087,6.8,0,1,0,21.0,40.0,2416
2026-05-08 20:53:19,22.0,14.0,2090,6.8,0,1,0,21.0,40.0,2416
2026-05-08 20:53:24,22.0,12.0,1792,6.8,0,1,0,21.0,40.0,2416
2026-05-08 20:53:29,22.0,12.0,1106,6.8,0,1,0,21.0,40.0,2416
2026-05-08 20:53:35,22.0,11.0,1804,6.8,0,1,0,21.0,40.0,2416
2026-05-08 20:53:40,22.0,15.0,1834,6.8,0,1,0,21.0,40.0,2416
2026-05-08 20:53:45,22.0,12.0,1123,6.8,0,1,0,21.0,40.0,2416
2026-05-08 20:53:51,22.0,11.0,1152,6.8,0,1,0,21.0,40.0,2416
2026-05-08 20:53:56,22.0,17.0,1415,6.8,0,1,0,21.0,40.0,2416
2026-05-08 20:54:01,22.0,11.0,1996,6.8,0,1,0,21.0,40.0,2416
2026-05-08 20:54:06,22.0,12.0,1201,6.8,0,1,0,21.0,40.0,2416
2026-05-08 20:54:12,22.0,11.0,2026,6.8,0,1,0,21.0,40.0,2416
2026-05-08 20:54:17,22.0,14.0,2041,6.8,0,1,0,21.0,40.0,2416
2026-05-08 20:54:22,22.0,11.0,1994,6.8,0,1,0,21.0,40.0,2416
2026-05-08 20:54:28,22.0,12.0,1310,6.8,0,1,0,21.0,40.0,2416
2026-05-08 20:54:33,22.0,11.0,1976,6.8,0,1,0,21.0,40.0,2416
2026-05-08 20:54:38,22.0,45.0,1735,6.8,0,1,0,21.0,40.0,2416
2026-05-08 20:54:43,22.0,15.0,1291,6.8,0,1,0,21.0,40.0,2416
2026-05-08 20:54:49,22.0,17.0,1093,6.8,0,1,0,21.0,40.0,2416
2026-05-08 20:54:54,22.0,11.0,2022,6.8,0,1,0,21.0,40.0,2416
2026-05-08 20:54:59,22.0,62.0,1922,6.8,0,1,0,21.0,40.0,2416
2026-05-08 20:55:05,22.0,14.0,1836,6.8,0,1,0,21.0,40.0,2416
2026-05-08 20:55:10,22.0,11.0,1237,6.8,0,1,0,21.0,40.0,2416
2026-05-08 20:55:15,22.0,11.0,1050,6.8,0,1,0,21.0,40.0,2416
2026-05-08 20:55:20,22.0,52.0,1258,6.7,0,1,0,21.0,40.0,2416
2026-05-08 20:55:26,22.0,11.0,1957,6.8,0,1,0,21.0,40.0,2416
2026-05-08 20:55:31,22.0,45.0,1046,6.8,0,1,0,21.0,40.0,2416
2026-05-08 20:55:36,22.0,11.0,1535,6.8,0,1,0,21.0,40.0,2416
2026-05-08 20:55:41,22.0,11.0,2000,6.8,0,1,0,21.0,40.0,2416
2026-05-08 20:55:47,22.0,11.0,1833,6.8,0,1,0,21.0,40.0,2416
2026-05-08 20:55:52,22.0,11.0,1263,6.8,0,1,0,21.0,40.0,2416
2026-05-08 20:55:57,22.0,11.0,1952,6.8,0,1,0,21.0,40.0,2416
2026-05-08 20:56:03,22.0,11.0,1988,6.8,0,1,0,21.0,40.0,2416
2026-05-08 20:56:08,22.0,11.0,2027,6.8,0,1,0,21.0,40.0,2416
2026-05-08 20:56:13,22.0,20.0,1648,6.8,0,1,0,21.0,40.0,2416
2026-05-08 20:56:18,22.0,11.0,2006,6.8,0,1,0,21.0,40.0,2416
2026-05-08 20:56:24,22.0,20.0,1181,6.7,0,1,0,21.0,40.0,2416
2026-05-08 20:56:29,22.0,11.0,1776,6.8,0,1,0,21.0,40.0,2416
2026-05-08 20:56:34,22.0,17.0,1283,6.7,0,1,0,21.0,40.0,2416
2026-05-08 20:56:40,22.0,11.0,1944,6.8,0,1,0,21.0,40.0,2416
2026-05-08 20:56:45,22.0,13.0,1585,6.7,0,1,0,21.0,40.0,2416
2026-05-08 20:56:50,22.0,11.0,1871,6.8,0,1,0,21.0,40.0,2416
2026-05-08 20:56:55,22.0,11.0,1890,6.8,0,1,0,21.0,40.0,2416
2026-05-08 20:57:01,22.0,19.0,1343,6.7,0,1,0,21.0,40.0,2416
2026-05-08 20:57:06,22.0,11.0,1263,6.7,0,1,0,21.0,40.0,2416
2026-05-08 20:57:11,22.0,11.0,1182,6.7,0,1,0,21.0,40.0,2416
2026-05-08 20:57:17,22.0,11.0,1327,6.8,0,1,0,21.0,40.0,2416
2026-05-08 20:57:22,22.0,11.0,1600,6.8,0,1,0,21.0,40.0,2416
2026-05-08 20:57:27,22.0,13.0,1679,6.8,0,1,0,21.0,40.0,2416
2026-05-08 20:57:32,22.0,11.0,1098,6.7,0,1,0,21.0,40.0,2416
2026-05-08 20:57:38,22.0,12.0,2016,6.7,0,1,0,21.0,40.0,2416
2026-05-08 20:57:43,22.0,11.0,1331,6.7,0,1,0,21.0,40.0,2416
2026-05-08 20:57:48,22.0,12.0,2000,6.7,0,1,0,21.0,40.0,2416
2026-05-08 20:57:54,22.0,11.0,1904,6.7,0,1,0,21.0,40.0,2416
